Ngày,Giá mở cửa,Giá cao nhất,Giá thấp nhất,Giá đóng cửa,Thay đổi giá,% thay đổi,Khối lượng
21/11/2025,37900,37900,37400,37600,-350,-0.0092,1247000
20/11/2025,38200,38200,37900,37950,-150,-0.0039000000000000003,1467900
19/11/2025,38300,38450,38100,38100,-300,-0.0078000000000000005,1302400
18/11/2025,38500,38500,38250,38400,,,1451400
17/11/2025,38350,38550,38300,38400,+50,0.0013,1422700
14/11/2025,38200,38500,38200,38350,+50,0.0013,2234600
13/11/2025,38250,38450,38000,38300,+50,0.0013,1942700
12/11/2025,38200,38400,37800,38250,+250,0.0066,2029800
11/11/2025,37600,38150,37600,38000,+600,0.016,2393800
10/11/2025,37500,38000,37300,37400,-100,-0.0027,2337400
07/11/2025,38350,38650,37450,37500,"-1,000",-0.026000000000000002,3220900
06/11/2025,38700,38900,38350,38500,-150,-0.0039000000000000003,2392700
05/11/2025,37600,38800,37600,38650,+750,0.019799999999999998,3945700
04/11/2025,37100,38000,36900,37900,+800,0.0216,3482600
03/11/2025,37600,37800,37100,37100,-300,-0.008,2453800
31/10/2025,38000,38000,37400,37400,-500,-0.0132,2380000
30/10/2025,37950,38250,37600,37900,+100,0.0026,2599600
29/10/2025,37500,37900,37300,37800,+700,0.0189,3204200
28/10/2025,36600,37150,36600,37100,+600,0.016399999999999998,2793500
27/10/2025,36950,37200,36500,36500,-400,-0.0108,2062600
24/10/2025,37000,37100,36200,36900,,,3489900
23/10/2025,37000,37450,36850,36900,-300,-0.008100000000000001,2708600
22/10/2025,37500,37500,36500,37200,+150,0.004,3971100
21/10/2025,36550,37500,36550,37050,+550,0.0151,4500300
20/10/2025,38950,39050,36500,36500,"-2,550",-0.0653,7393700
17/10/2025,39750,39800,39050,39050,-700,-0.0176,4176200
16/10/2025,39350,39750,39200,39750,+400,0.0102,3801100
15/10/2025,39700,40150,39350,39350,-250,-0.0063,4329400
14/10/2025,40600,40750,39600,39600,-850,-0.021,7724500
13/10/2025,40548,40697,40301,40449,-300,-0.0073,4558600
10/10/2025,40449,41043,40449,40746,+400,0.0098,6794000
09/10/2025,40103,40499,39955,40351,+350,0.0087,4346900
08/10/2025,40449,40449,39807,40004,-50,-0.0012,4602600
07/10/2025,40548,40548,40004,40054,-250,-0.0060999999999999995,2418400
06/10/2025,39856,40449,39609,40301,+950,0.0239,3058100
03/10/2025,39559,39708,39362,39362,-300,-0.0075,2515700
02/10/2025,39708,40252,39559,39658,+50,0.0012,2995400
01/10/2025,39559,40202,39362,39609,+50,0.0012,2219300
30/09/2025,39757,40103,39164,39559,-300,-0.0074,3683900
29/09/2025,39807,40103,39658,39856,-250,-0.0062,2110500
26/09/2025,40351,40697,40103,40103,-350,-0.0086,2295100
25/09/2025,40697,40697,40351,40449,-300,-0.0073,2009200
24/09/2025,40400,40746,39757,40746,+350,0.0086,4714500
23/09/2025,40252,40449,40054,40400,-150,-0.0037,3466500
22/09/2025,39757,40548,39164,40548,"+1,200",0.0302,7994300
19/09/2025,40647,40746,39362,39362,"-1,000",-0.0245,6161400
18/09/2025,40548,40993,40103,40351,-200,-0.0049,4684500
17/09/2025,41537,41933,40548,40548,"-1,050",-0.025,3700300
16/09/2025,42032,42230,41537,41587,-150,-0.0036,7340200
15/09/2025,40598,41735,40598,41735,"+1,250",0.0305,7330300
12/09/2025,40351,40796,40351,40499,+300,0.0074,3319500
11/09/2025,40351,40351,39411,40202,-50,-0.0012,5782600
10/09/2025,40252,40895,40103,40252,+50,0.0012,5472700
09/09/2025,40202,40548,39906,40202,,,4248700
08/09/2025,41241,41389,40202,40202,"-1,300",-0.031,9074900
05/09/2025,43120,43120,41488,41488,"-1,450",-0.0334,13561000
04/09/2025,43268,43466,42675,42922,-100,-0.0023,7236000
03/09/2025,42625,43416,41587,43021,+650,0.0152,11449700
29/08/2025,42230,43120,42032,42378,+350,0.008199999999999999,10429800
28/08/2025,42576,42774,41785,42032,-300,-0.006999999999999999,5841200
27/08/2025,41686,44010,41389,42329,"+1,000",0.0239,14870300
26/08/2025,40548,41389,40103,41340,+800,0.0195,11173900
25/08/2025,43416,43416,40548,40548,"-2,250",-0.052000000000000005,11310800
22/08/2025,41933,44603,41488,42774,+950,0.0225,22730700
21/08/2025,40548,42131,40449,41834,"+1,600",0.0393,17532300
20/08/2025,40548,41389,39164,40252,-150,-0.0037,14543200
19/08/2025,40449,41043,40252,40400,+50,0.0012,9924300
18/08/2025,40598,40845,40153,40351,-200,-0.0049,7511900
15/08/2025,42131,42131,40252,40548,"-1,150",-0.0273,14374100
14/08/2025,41142,42180,40697,41686,+800,0.019299999999999998,15166900
13/08/2025,41340,41340,39856,40895,-150,-0.0036,11836100
12/08/2025,40054,41488,40004,41043,"+1,300",0.0323,15506900
11/08/2025,39559,40153,39164,39757,+500,0.0126,11391300
08/08/2025,40548,40548,38917,39263,-750,-0.018500000000000003,16734500
07/08/2025,39263,40054,39065,40004,+950,0.0241,12283900
06/08/2025,38570,39461,38521,39065,+750,0.0194,7044500
05/08/2025,37977,39757,37779,38323,+700,0.0184,28565100
04/08/2025,36790,37829,36790,37631,+850,0.022799999999999997,4467900
01/08/2025,37433,37878,36691,36790,-650,-0.0172,7122300
31/07/2025,38076,38076,37087,37433,-250,-0.0066,6291400
30/07/2025,36988,38373,36889,37680,+700,0.0187,9670000
29/07/2025,39213,39213,36988,36988,"-2,000",-0.0508,15396400
28/07/2025,38669,39362,38472,38966,+550,0.014199999999999999,11422400
25/07/2025,38669,38669,38323,38422,,,6289500
24/07/2025,38570,39213,38274,38422,+150,0.0039000000000000003,10953100
23/07/2025,38669,38768,38125,38274,-200,-0.0051,6983000
22/07/2025,37631,38867,37581,38472,+800,0.021,10824300
21/07/2025,38026,38224,37631,37680,-250,-0.006500000000000001,6901500
18/07/2025,37878,38373,37581,37928,+50,0.0013,9035700
17/07/2025,38373,38373,37730,37878,-100,-0.0026,5879300
16/07/2025,37483,37977,37433,37977,+300,0.0079,4922000
15/07/2025,38175,38323,37680,37680,-550,-0.014199999999999999,5787900
14/07/2025,38076,38917,37878,38224,+350,0.0091,8309600
11/07/2025,37829,38224,37730,37878,+50,0.0013,8713900
10/07/2025,38076,38274,37631,37829,+50,0.0013,7852900
09/07/2025,37235,38026,37087,37779,+700,0.0187,11215600
08/07/2025,36790,37087,36592,37087,+300,0.008100000000000001,7822100
07/07/2025,36246,36790,36246,36790,+650,0.0178,11238100
04/07/2025,36048,36296,35900,36147,+250,0.0069,4207700
03/07/2025,36098,36395,35752,35900,-100,-0.0027,6056200
02/07/2025,36197,36246,35900,35999,-200,-0.0055000000000000005,3804400
01/07/2025,35950,36444,35851,36197,+300,0.0083,7013400
30/06/2025,35950,35950,35801,35900,+200,0.0055000000000000005,4550000
27/06/2025,35307,36246,35307,35702,+400,0.011200000000000002,8298600
26/06/2025,35505,35554,35208,35307,-150,-0.0042,2340200
25/06/2025,35653,35851,35455,35455,-150,-0.0042,3395300
24/06/2025,35653,35801,35307,35603,+150,0.0042,4416300
23/06/2025,35257,35603,35158,35455,-150,-0.0042,2359600
20/06/2025,35406,35999,35406,35603,+200,0.005600000000000001,5982300
19/06/2025,35307,35505,35109,35406,+150,0.0042,1873000
18/06/2025,35505,35653,35208,35257,-250,-0.006999999999999999,2595800
17/06/2025,35603,35801,35455,35505,+50,0.0014000000000000002,3745800
16/06/2025,35158,35505,35059,35455,+300,0.0084,2707600
13/06/2025,34664,35851,34614,35158,+250,0.0070999999999999995,6320900
12/06/2025,34713,35010,34713,34911,+250,0.0070999999999999995,1416400
11/06/2025,34911,35010,34614,34664,-150,-0.0043,1236800
10/06/2025,34862,35059,34812,34812,-50,-0.0014000000000000002,1865600
09/06/2025,34862,34961,34614,34862,,,1659900
06/06/2025,35109,35257,34812,34862,-250,-0.006999999999999999,2792100
05/06/2025,35505,35505,35059,35109,-250,-0.006999999999999999,3302200
04/06/2025,35603,35702,35257,35356,-150,-0.0042,3010300
03/06/2025,35505,35752,35406,35505,+200,0.005600000000000001,2729300
02/06/2025,35406,35455,35109,35307,-300,-0.0083,2796500
30/05/2025,35999,35999,35406,35603,-450,-0.0123,2334100
29/05/2025,36098,36098,35702,36048,-50,-0.0014000000000000002,3029800
28/05/2025,36543,36543,35653,36098,+200,0.0055000000000000005,4671900
27/05/2025,35603,35999,35406,35900,+450,0.0126,3546900
26/05/2025,35455,35505,34614,35455,,,2512800
23/05/2025,35603,35603,35109,35455,-150,-0.0042,3338100
22/05/2025,35801,35801,35455,35603,-200,-0.0055000000000000005,3481000
21/05/2025,35950,36444,35603,35801,,,3685900
20/05/2025,35851,35999,35455,35801,,,4650500
19/05/2025,36098,36147,35702,35801,-400,-0.0109,2742800
16/05/2025,36988,37037,36147,36197,-800,-0.021400000000000002,6251932
15/05/2025,37087,37285,36741,36988,-50,-0.0013,6623800
14/05/2025,35554,37087,35505,37037,"+1,650",0.0461,11855500
13/05/2025,35059,35406,34911,35406,+550,0.015600000000000001,6592100
12/05/2025,34713,34911,34614,34862,+150,0.0043,3137300
09/05/2025,35158,35307,34713,34713,-350,-0.009899999999999999,3058100
08/05/2025,34516,35158,34318,35059,+550,0.0158,4666200
07/05/2025,34417,34516,34219,34516,-50,-0.0014000000000000002,2129800
06/05/2025,34516,34812,34169,34565,+100,0.0029,2972100
05/05/2025,34268,34466,33922,34466,+300,0.0087,1834700
29/04/2025,34219,34367,33972,34169,,,2440200
28/04/2025,34911,34911,34021,34169,-450,-0.0129,4070200
25/04/2025,34911,35010,34614,34614,-450,-0.0127,2684500
24/04/2025,34961,35059,34516,35059,+100,0.0028000000000000004,2778700
23/04/2025,35356,35356,34614,34961,+250,0.0070999999999999995,1849600
22/04/2025,34763,34812,32439,34713,-150,-0.0043,3799900
21/04/2025,35554,35603,34713,34862,-700,-0.0195,2105600
18/04/2025,35801,35851,35455,35554,+100,0.0028000000000000004,3477600
17/04/2025,34812,35455,34565,35455,-150,-0.0042,3126800
16/04/2025,35702,35999,35307,35603,-500,-0.0137,2914600
15/04/2025,36197,36345,35603,36098,-500,-0.013500000000000002,2999100
14/04/2025,36592,36592,35603,36592,+250,0.0068000000000000005,3547400
11/04/2025,36494,36494,35158,36345,"+2,050",0.0591,6947500
10/04/2025,34318,34318,34318,34318,"+2,250",0.0693,635800
09/04/2025,30856,34120,30856,32092,"-1,050",-0.0313,6519100
08/04/2025,34614,35109,33131,33131,"-2,500",-0.0694,5562300
04/04/2025,33180,35603,33180,35603,,,6883200
03/04/2025,36592,37483,35603,35603,"-2,700",-0.0698,7520100
02/04/2025,38818,38818,38274,38274,-300,-0.0077,3026000
01/04/2025,38472,38570,38274,38570,+250,0.006500000000000001,1367000
31/03/2025,38570,38570,38076,38323,-350,-0.009000000000000001,2899600
28/03/2025,38719,38818,38620,38669,,,1436400
27/03/2025,39213,39213,38669,38669,-450,-0.011399999999999999,1862400
26/03/2025,39164,39411,38966,39114,-150,-0.0038,2603800
25/03/2025,38768,39263,38768,39263,+600,0.015300000000000001,2966500
24/03/2025,39015,39065,38570,38669,-350,-0.0089,3733500
21/03/2025,39164,39362,39015,39015,-350,-0.0088,2407600
20/03/2025,39114,39461,39114,39362,,,2255800
19/03/2025,39757,39757,39114,39362,-200,-0.005,3182000
18/03/2025,40054,40153,39559,39559,-350,-0.0087,3419200
17/03/2025,39955,40103,39708,39906,-50,-0.0012,3319900
14/03/2025,39757,39955,39609,39955,+200,0.005,2298100
13/03/2025,40449,40449,39658,39757,-700,-0.0171,5683300
12/03/2025,40895,40944,40400,40449,-500,-0.0121,3968100
11/03/2025,40499,40944,40301,40944,,,3352200
10/03/2025,40845,41537,40746,40944,+250,0.0060999999999999995,4881700
07/03/2025,40351,40697,40252,40697,+350,0.0086,4622400
06/03/2025,40202,40449,40103,40351,+150,0.0037,2390500
05/03/2025,40252,40697,40004,40202,-150,-0.0037,2829800
04/03/2025,40351,40449,39955,40351,-150,-0.0037,3340100
03/03/2025,40499,40746,40400,40499,,,1966100
28/02/2025,40499,40499,40252,40499,,,3051600
27/02/2025,40746,40845,40449,40499,-250,-0.0060999999999999995,2552300
26/02/2025,40746,40796,40499,40746,-50,-0.0012,3020100
25/02/2025,40697,40895,40548,40796,+150,0.0036,4348800
24/02/2025,40449,40944,40252,40647,+200,0.0049,4168600
21/02/2025,40400,40598,40202,40449,,,2988800
20/02/2025,40548,40598,40202,40449,+50,0.0012,3398400
19/02/2025,40054,40449,39955,40400,+350,0.0086,5452400
18/02/2025,39658,40202,39609,40054,+300,0.0075,3320100
17/02/2025,40202,40202,39708,39757,-450,-0.0111,2273100
14/02/2025,39906,40400,39708,40202,+650,0.0163,4707800
13/02/2025,39559,39807,39461,39559,,,2430100
12/02/2025,39906,40004,39461,39559,-450,-0.0111,4336000
11/02/2025,40054,40301,39658,40004,+100,0.0025,3873800
10/02/2025,40054,40746,39658,39906,-150,-0.0037,4596700
07/02/2025,39362,40351,39362,40054,+700,0.0176,8054000
06/02/2025,39213,39559,39164,39362,+200,0.0051,3976100
05/02/2025,39461,39510,39114,39164,-50,-0.0013,2370300
04/02/2025,39065,39658,38719,39213,+250,0.0063,4413900
03/02/2025,39263,39461,38669,38966,-600,-0.015,3550500
24/01/2025,39461,39559,39312,39559,+100,0.0025,2333900
23/01/2025,39065,39658,39015,39461,+400,0.0101,2925500
22/01/2025,39362,39362,39015,39065,-300,-0.0075,2020900
21/01/2025,39609,39609,39065,39362,-100,-0.0025,2339600
20/01/2025,39015,39658,38966,39461,+400,0.0101,2854300
17/01/2025,38768,39065,38620,39065,+100,0.0025,1572900
16/01/2025,38768,39065,38620,38966,+200,0.0051,1628500
15/01/2025,38768,38768,38175,38768,+200,0.0051,1485800
14/01/2025,38768,38768,38472,38570,-300,-0.0076,957600
13/01/2025,38669,38917,37977,38867,+200,0.0051,2461400
10/01/2025,39461,39461,38669,38669,-850,-0.0213,3114500
09/01/2025,39461,39609,38917,39510,-400,-0.009899999999999999,3699100
08/01/2025,39955,39955,39213,39906,-50,-0.0012,3295200
07/01/2025,38669,40054,38620,39955,"+1,600",0.0412,10448400
06/01/2025,37878,38719,37779,38373,+600,0.015700000000000002,5010800
03/01/2025,37779,38175,37779,37779,,,3698500
02/01/2025,37779,38224,37483,37779,+650,0.0173,3160500
31/12/2024,38076,38323,37136,37136,-700,-0.0183,3416900
30/12/2024,38669,38719,37829,37829,-900,-0.023,4011800
27/12/2024,38818,39065,38669,38719,+150,0.0038,2859500
26/12/2024,38521,38917,38373,38570,+350,0.0091,4184200
25/12/2024,37779,39362,37680,38224,+550,0.0144,5277300
24/12/2024,38274,38422,37631,37680,-500,-0.013000000000000001,3216000
23/12/2024,38472,38570,38076,38175,+200,0.0052,2895400
20/12/2024,38006,38170,37884,37966,,,2993400
19/12/2024,38129,38211,37925,37966,-400,-0.0085,2726000
18/12/2024,38293,38415,38170,38293,+250,0.0054,1661100
17/12/2024,38415,38538,38088,38088,-150,-0.0032,2248800
16/12/2024,38415,38619,38170,38211,+350,0.0075,3247200
13/12/2024,38047,38252,37925,37925,-200,-0.0043,1382900
12/12/2024,38170,38538,38088,38088,,,1935300
11/12/2024,38374,38415,38006,38088,-150,-0.0032,1286600
10/12/2024,38252,38701,38211,38211,+50,0.0011,1943300
09/12/2024,38129,38415,38088,38170,+100,0.0021,1717700
06/12/2024,37925,38374,37925,38088,+600,0.013000000000000001,2497200
05/12/2024,37026,38252,37026,37598,+850,0.018799999999999997,2427400
04/12/2024,37679,37720,36903,36903,-900,-0.0195,2399100
03/12/2024,38006,38006,37639,37639,-450,-0.0097,1400100
02/12/2024,38333,38497,38006,38006,-250,-0.0053,1314100
29/11/2024,37679,38211,37475,38211,+650,0.0141,1443200
28/11/2024,38006,38047,37679,37679,-250,-0.0054,1284700
27/11/2024,37802,37966,37639,37884,+100,0.0022,1214900
26/11/2024,37189,37802,37189,37802,+700,0.0154,1839300
25/11/2024,37353,37434,37189,37230,-150,-0.0033,1110400
22/11/2024,37434,37434,36985,37353,+350,0.0077,1874700
21/11/2024,36862,37312,36862,37066,+350,0.0078000000000000005,1472400
20/11/2024,36535,37475,36372,36780,+400,0.009000000000000001,2188800
19/11/2024,36944,36944,36453,36453,+150,0.0034000000000000002,1457400
18/11/2024,36494,37271,36331,36331,-250,-0.005600000000000001,1914300
15/11/2024,37271,37271,36535,36535,-800,-0.0176,2255800
14/11/2024,37802,37802,37189,37189,-650,-0.0141,1998500
13/11/2024,37843,38006,37475,37720,-150,-0.0032,1816400
12/11/2024,38006,38293,37843,37843,-200,-0.0043,1686200
11/11/2024,38742,38824,37925,38006,-900,-0.019,2751300
08/11/2024,38987,39151,38415,38742,-200,-0.0042,2648700
07/11/2024,39559,39559,38906,38906,-450,-0.009399999999999999,1263600
06/11/2024,38906,39355,38906,39273,+650,0.0137,1082600
05/11/2024,38987,39151,38701,38742,-300,-0.0063,1526000
04/11/2024,39028,39396,38865,38987,-50,-0.001,1337100
01/11/2024,39232,39314,38865,39028,,,1543202
31/10/2024,39232,39600,38946,39028,+50,0.001,1792200
30/10/2024,38946,39396,38946,38987,+150,0.0032,1415800
29/10/2024,38987,39600,38824,38865,+50,0.0011,2176400
28/10/2024,38824,39028,38660,38824,,,2226200
25/10/2024,39273,39478,38824,38824,-500,-0.0104,1696500
24/10/2024,39314,39927,39232,39232,-400,-0.0083,1740200
23/10/2024,39845,39845,39232,39559,-350,-0.0072,2397200
22/10/2024,40622,40622,39805,39845,-900,-0.0181,3371900
21/10/2024,40867,41031,40581,40581,-650,-0.0129,2125200
18/10/2024,41439,41685,41112,41112,,,3395116
17/10/2024,41031,41112,40499,41112,+450,0.009000000000000001,2118918
16/10/2024,40867,41276,40704,40745,-150,-0.003,1791000
15/10/2024,40458,41685,40458,40867,+600,0.0121,6928429
14/10/2024,40458,40663,40377,40377,,,1161900
11/10/2024,40745,40745,40295,40377,-350,-0.006999999999999999,1539824
10/10/2024,40826,40826,40377,40663,+300,0.0060999999999999995,2650441
09/10/2024,40213,40540,39886,40418,+550,0.011200000000000002,2190961
08/10/2024,40091,40336,39886,39968,-150,-0.0031,2070134
07/10/2024,40458,40458,40050,40091,-150,-0.003,1492500
04/10/2024,40458,40540,40172,40213,-300,-0.0060999999999999995,2164800
03/10/2024,40704,41521,40458,40458,-300,-0.006,3503800
02/10/2024,40622,41031,40540,40704,+100,0.002,1835200
01/10/2024,40622,41439,40622,40622,,,2817700
30/09/2024,40949,41031,40540,40622,-400,-0.008,2190627
27/09/2024,41112,42257,40867,40949,+100,0.002,3204000
26/09/2024,41112,41521,40745,40867,,,4232630
25/09/2024,40622,41194,40336,40867,+750,0.0152,5257946
24/09/2024,40009,40254,39641,40254,+550,0.0113,1414206
23/09/2024,40091,40377,39805,39805,-350,-0.0070999999999999995,1217700
20/09/2024,40458,40785,40091,40091,-200,-0.0040999999999999995,3327218
19/09/2024,40213,40377,39886,40254,+200,0.0040999999999999995,1356117
18/09/2024,39886,40418,39641,40091,+350,0.0072,1836347
17/09/2024,39069,39805,38824,39805,+950,0.0199,2038305
16/09/2024,39396,39723,39028,39028,-450,-0.009300000000000001,1570700
13/09/2024,39396,39682,39396,39396,-150,-0.0031,747405
12/09/2024,39641,39805,39519,39519,+50,0.001,1105246
11/09/2024,39600,39764,39232,39478,-200,-0.0040999999999999995,1405844
10/09/2024,40295,40295,39600,39641,-550,-0.011200000000000002,2399926
09/09/2024,40213,40499,39968,40091,-250,-0.0051,1202400
06/09/2024,39805,40458,39764,40295,+600,0.0123,2361500
05/09/2024,39845,40458,39723,39805,-250,-0.0051,1899138
04/09/2024,39641,40418,39355,40009,+50,0.001,1971050
30/08/2024,40499,40622,39968,39968,-400,-0.008100000000000001,1798000
29/08/2024,40295,41358,40295,40295,-300,-0.006,1686131
28/08/2024,40540,41112,40458,40540,,,1206113
27/08/2024,41112,41112,40132,40540,-600,-0.012,4209847
26/08/2024,41521,41603,40949,41031,-300,-0.0059,2276536
23/08/2024,41031,41521,40949,41276,+200,0.004,2273263
22/08/2024,41685,41930,40785,41112,-300,-0.0059,2738039
21/08/2024,40418,41521,40091,41358,"+1,450",0.029500000000000002,6670948
20/08/2024,39478,40213,39355,40172,"+1,250",0.026099999999999998,4428439
19/08/2024,39069,39641,38906,39151,+400,0.0084,2107237
16/08/2024,38211,39273,38211,38824,+850,0.0182,2382246
15/08/2024,38456,38783,38129,38129,-400,-0.0085,1004349
14/08/2024,38252,39028,38252,38456,+400,0.0086,1703835
13/08/2024,38415,38538,38006,38129,-150,-0.0032,1015400
12/08/2024,38170,38701,38006,38252,+100,0.0021,1358400
09/08/2024,38415,38415,37884,38170,+700,0.0152,1050910
08/08/2024,38006,38252,37353,37598,-400,-0.0086,1424000
07/08/2024,38742,38742,37598,37925,-350,-0.0075,2145000
06/08/2024,37925,38946,37475,38211,+650,0.0141,1806100
05/08/2024,38333,38579,36780,37679,"-1,650",-0.0346,2723100
02/08/2024,38006,39028,38006,39028,+950,0.0203,1968800
01/08/2024,39151,39968,38252,38252,-800,-0.0168,3825500
31/07/2024,38415,39559,38333,38906,+800,0.0171,3161200
30/07/2024,38701,38701,38006,38252,-300,-0.0064,2282100
29/07/2024,37884,38619,37884,38497,+850,0.0184,1045400
26/07/2024,37843,38047,37475,37802,+250,0.0054,2786300
25/07/2024,37966,37966,37189,37598,-100,-0.0022,1465000
24/07/2024,36780,38293,36780,37679,+100,0.0022,4026000
23/07/2024,39069,39437,36372,37598,"-1,700",-0.0356,3359700
22/07/2024,38987,39805,38579,38987,,,3438100
19/07/2024,39886,40050,38824,38987,-800,-0.0165,3082727
18/07/2024,39723,40295,39110,39641,+500,0.0104,3362916
17/07/2024,39151,40867,38865,39232,+850,0.018000000000000002,9890194
16/07/2024,38252,39478,38006,38538,+600,0.0129,4079931
15/07/2024,38415,38456,37843,38047,-50,-0.0011,3520520
12/07/2024,38333,38579,37802,38088,-200,-0.0043,1435711
11/07/2024,38783,38783,38252,38252,-100,-0.0021,1293905
10/07/2024,39110,39151,38333,38333,-600,-0.0126,2020055
09/07/2024,38824,39232,38333,38824,+500,0.0106,2572521
08/07/2024,38865,39069,38211,38415,-300,-0.0063,1981844
05/07/2024,38701,39396,38497,38660,,,4622360
04/07/2024,38415,38742,38252,38660,+100,0.0021,2666271
03/07/2024,37598,38579,37230,38579,"+1,450",0.0317,4601980
02/07/2024,36167,37434,36004,37393,"+1,850",0.0421,3612680
01/07/2024,35391,35881,35146,35881,+650,0.015,1236947
28/06/2024,36045,36453,35350,35350,-850,-0.019299999999999998,2120533
27/06/2024,36535,36780,36045,36045,-400,-0.009000000000000001,1573796
26/06/2024,36167,36617,35963,36372,+300,0.0068000000000000005,1689959
25/06/2024,37107,37353,35595,36127,-800,-0.0178,2891269
24/06/2024,37598,37884,36780,36780,-600,-0.0132,1951137
21/06/2024,37271,37966,37230,37271,+100,0.0022,1540292
20/06/2024,37598,37761,37066,37189,-600,-0.013000000000000001,2671363
19/06/2024,38252,38252,37475,37679,-400,-0.0086,2599697
18/06/2024,38170,38456,38006,38006,,,1468000
17/06/2024,38824,38824,38006,38006,"-1,000",-0.021099999999999997,2812800
14/06/2024,39559,39845,38824,38824,-850,-0.0176,2240900
13/06/2024,39519,39519,39151,39519,+450,0.009399999999999999,2615400
12/06/2024,38906,39192,38415,39151,+550,0.0116,2649200
11/06/2024,39069,39110,38579,38701,-300,-0.0063,2535681
10/06/2024,39110,39682,38865,38946,-100,-0.0021,2062905
07/06/2024,39314,39478,38987,39028,-150,-0.0031,1233560
06/06/2024,38987,39314,38987,39151,+250,0.0052,1413175
05/06/2024,39151,39396,38946,38946,+50,0.0011,2099558
04/06/2024,39110,39396,38865,38906,+300,0.0063,1112975
03/06/2024,39151,39600,38579,38660,+200,0.0042,2095305
31/05/2024,38987,39478,38497,38497,-600,-0.0126,1968066
30/05/2024,39559,39641,38742,38987,-900,-0.018500000000000003,2092022
29/05/2024,40418,40418,39723,39723,-500,-0.0102,1389049
28/05/2024,40050,40213,39723,40132,+200,0.0040999999999999995,1230902
27/05/2024,40377,40377,39682,39968,-300,-0.0060999999999999995,763312
24/05/2024,40540,41358,39641,40213,-300,-0.0060999999999999995,2444810
23/05/2024,40704,41031,40377,40458,-300,-0.006,1789006
22/05/2024,41276,41848,40663,40704,-200,-0.004,2428018
21/05/2024,40867,41112,40377,40867,+400,0.008100000000000001,1794799
20/05/2024,40540,41439,40458,40540,+250,0.0051,2192039
17/05/2024,40581,40622,40213,40336,-250,-0.005,1518384
16/05/2024,40172,41112,40091,40540,"+1,000",0.0206,3447319
15/05/2024,39600,40009,39519,39723,+500,0.0104,1393028
14/05/2024,39886,40213,39273,39314,-500,-0.0103,1948394
13/05/2024,40213,40458,39641,39723,-450,-0.0092,1663829
10/05/2024,40540,40663,40009,40091,-450,-0.0091,827739
09/05/2024,41112,41112,40458,40458,-300,-0.006,970601
08/05/2024,40949,41521,40704,40704,-200,-0.004,1057600
07/05/2024,41358,41685,40867,40867,-500,-0.009899999999999999,1069500
06/05/2024,40295,41276,40295,41276,"+1,300",0.0264,1192000
03/05/2024,40581,40785,40050,40213,,,700800
02/05/2024,40295,40622,39927,40213,,,1716600
26/04/2024,40540,40949,40132,40213,-400,-0.008100000000000001,774500
25/04/2024,40663,41112,40295,40540,-400,-0.008,1053600
24/04/2024,40418,41194,40336,40867,+600,0.0121,1652800
23/04/2024,40213,41276,39641,40377,-700,-0.013999999999999999,3043300
22/04/2024,39886,40949,39886,40949,"+1,750",0.0362,1298900
19/04/2024,39151,40458,38497,39519,+250,0.0052,2170000
17/04/2024,41603,41685,39232,39314,"-2,200",-0.0437,1973200
16/04/2024,40622,41848,40418,41112,+600,0.0121,2349900
15/04/2024,43564,44545,40622,40622,"-3,700",-0.0693,2541500
12/04/2024,43319,44545,43156,43646,+400,0.0075,3374100
11/04/2024,42093,43646,41930,43319,"+1,000",0.0192,2276400
10/04/2024,43156,43156,42420,42502,-700,-0.013300000000000001,1238200
09/04/2024,41766,43074,41521,43074,"+1,900",0.0374,2201000
08/04/2024,41031,42175,40867,41521,+600,0.012,1454800
05/04/2024,41603,41603,41031,41031,-800,-0.015700000000000002,1758300
04/04/2024,42338,42338,41685,41685,,,1093500
03/04/2024,42502,42747,41685,41685,-900,-0.0173,1850300
02/04/2024,42420,42829,42093,42420,-200,-0.0038,1576300
01/04/2024,42665,43074,42257,42584,,,1387900
29/03/2024,43483,43483,42502,42584,-500,-0.0095,1813300
28/03/2024,43483,44055,42911,42992,+100,0.0019,1358700
27/03/2024,43564,43564,42911,42911,-500,-0.009399999999999999,1629600
26/03/2024,43319,44055,43319,43319,,,1409500
25/03/2024,44300,45363,43074,43319,"-1,200",-0.022099999999999998,1289800
22/03/2024,43564,46343,43564,44300,"+1,200",0.0226,4361200
21/03/2024,43483,43646,43156,43319,,,1884700
20/03/2024,42175,43401,41276,43319,"+1,400",0.0271,3132600
19/03/2024,42584,42584,41685,42175,-400,-0.0077,765300
18/03/2024,42502,43156,40785,42502,-200,-0.0038,1481000
15/03/2024,42175,43156,41685,42665,+500,0.0097,1433700
14/03/2024,43728,43728,42011,42257,-900,-0.0171,1482400
13/03/2024,42665,42992,42338,42992,+600,0.0115,1596500
12/03/2024,41358,42584,41276,42502,"+1,500",0.0297,1560100
11/03/2024,42338,42829,41276,41276,-600,-0.011699999999999999,1478700
08/03/2024,43646,43646,40540,41766,"-2,200",-0.041299999999999996,2810700
07/03/2024,44464,44464,43483,43564,"-1,100",-0.0202,2125200
06/03/2024,44137,44790,43728,44464,,,1585300
05/03/2024,43728,44464,43237,44464,+900,0.0168,1591400
04/03/2024,43810,44545,42911,43728,,,2366400
01/03/2024,43564,44382,42829,43728,+500,0.009399999999999999,1471100
29/02/2024,44055,44137,43319,43319,-900,-0.0167,1737300
28/02/2024,43483,44790,42747,44055,+900,0.017,2993100
27/02/2024,43891,44137,43319,43319,-600,-0.011200000000000002,2322700
26/02/2024,43156,44545,42502,43810,"+1,600",0.0308,2053000
23/02/2024,40704,43483,40295,42502,"+2,250",0.0452,7182900
22/02/2024,40704,40785,40458,40663,,,1596200
21/02/2024,40663,40704,39968,40663,+350,0.0070999999999999995,1850900
20/02/2024,40458,41031,40377,40377,+100,0.002,1569300
19/02/2024,39845,41112,39437,40295,+750,0.0154,3283300
16/02/2024,40050,40050,39478,39682,-400,-0.008199999999999999,1353000
15/02/2024,40009,40254,39600,40009,,,1625600
07/02/2024,39886,40091,39723,40009,+150,0.0031,1859200
06/02/2024,39886,39886,39232,39886,+150,0.0031,1527400
05/02/2024,38497,40377,38456,39764,"+1,750",0.0373,2249900
02/02/2024,38660,38824,38170,38333,-350,-0.0074,1982800
01/02/2024,38824,39192,38538,38619,-450,-0.009399999999999999,1572600
31/01/2024,39641,39886,38824,38987,-750,-0.0155,1673600
30/01/2024,39886,39968,39396,39600,-250,-0.0051,1121300
29/01/2024,39968,40213,39641,39805,-250,-0.0051,984500
26/01/2024,39559,40009,39559,40009,+550,0.011399999999999999,812400
25/01/2024,39968,40663,39559,39559,-500,-0.0102,1348900
24/01/2024,39641,40213,39600,39968,-500,-0.0101,1868700
23/01/2024,40458,40704,39764,40377,-400,-0.008,2182200
22/01/2024,40826,41031,39805,40704,-50,-0.001,2365400
19/01/2024,39151,40745,38579,40745,"+2,350",0.0495,3054000
18/01/2024,38293,39110,38129,38824,+650,0.0139,2278300
17/01/2024,38047,38415,37843,38293,-50,-0.0011,1463000
16/01/2024,37639,38374,37639,38333,+300,0.0064,1130700
15/01/2024,37639,38415,37639,38088,+600,0.013000000000000001,1335700
12/01/2024,37516,38579,36821,37598,-500,-0.0108,3074500
11/01/2024,38579,38619,37761,38006,-900,-0.019,3385600
10/01/2024,37639,39069,37598,38742,"+1,350",0.029300000000000003,2191800
09/01/2024,38415,38415,37639,37639,-350,-0.0075,1741100
08/01/2024,36617,38006,36494,37925,"+1,900",0.042699999999999995,1999000
05/01/2024,35718,36740,35718,36372,+850,0.0195,1329800
04/01/2024,35881,36780,35636,35677,-150,-0.0034000000000000002,3273200
03/01/2024,35473,36045,35146,35800,+800,0.018600000000000002,1559300
02/01/2024,35473,35636,34900,35146,-400,-0.0092,1262000
29/12/2023,34900,35473,34574,35473,+700,0.016399999999999998,919000
28/12/2023,35146,35268,34900,34900,-300,-0.006999999999999999,1414500
27/12/2023,34982,35309,34982,35146,,,978900
26/12/2023,35309,35595,34900,35146,-200,-0.0046,1163800
25/12/2023,34737,35391,34328,35309,+750,0.0177,1287400
22/12/2023,34165,34696,33838,34696,+650,0.015600000000000001,1258100
21/12/2023,33429,34247,33429,34165,+500,0.0121,1136900
20/12/2023,34247,34328,33348,33756,+100,0.0024,1024900
19/12/2023,33511,33920,33143,33674,+200,0.0049,823300
18/12/2023,33552,33920,33102,33511,-500,-0.012,678400
15/12/2023,33879,34083,33715,33920,-100,-0.0024,562000
14/12/2023,34042,34165,33756,34001,,,779800
13/12/2023,34247,34328,33184,34001,-300,-0.0072,793400
12/12/2023,33920,34369,33674,34247,+500,0.0121,956500
11/12/2023,34328,34492,33797,33838,-500,-0.011899999999999999,1589400
08/12/2023,33184,34328,33184,34247,"+1,300",0.032,2406400
07/12/2023,32980,33511,32694,33184,+600,0.015,1955000
06/12/2023,32408,33021,32203,32694,+350,0.0088,1157100
05/12/2023,32530,32612,32203,32408,-150,-0.0038,654400
04/12/2023,32285,32530,32162,32530,+400,0.0102,791900
01/12/2023,31795,32285,31754,32203,+550,0.014199999999999999,761100
30/11/2023,31876,32285,31713,31754,-450,-0.0115,726300
29/11/2023,31876,32121,31795,32121,+450,0.0116,811800
28/11/2023,31876,31876,31222,31754,+700,0.0183,833900
27/11/2023,31659,31659,31043,31188,-650,-0.0149,747600
24/11/2023,31188,31659,30753,31659,+650,0.0151,811000
23/11/2023,31913,31913,31188,31188,-600,-0.0138,755300
22/11/2023,31877,31913,31478,31623,-350,-0.008,738100
21/11/2023,31696,31877,31188,31877,+800,0.018500000000000003,824200
20/11/2023,30463,31804,30463,31297,+250,0.0058,809800
17/11/2023,31913,31913,30861,31115,-850,-0.0194,1209700
16/11/2023,32095,32203,31514,31732,-400,-0.0091,970300
15/11/2023,31478,32022,31333,32022,"+1,150",0.026699999999999998,1449200
14/11/2023,30644,31514,30644,31188,+900,0.021400000000000002,1571600
13/11/2023,30608,30970,30426,30535,-100,-0.0024,473900
10/11/2023,30753,31115,30535,30608,-650,-0.0152,627400
09/11/2023,31188,31297,30898,31079,-50,-0.0012,756700
08/11/2023,30209,31188,30136,31115,"+1,100",0.0263,966700
07/11/2023,30463,30463,30100,30318,,,531300
06/11/2023,30209,30608,30172,30318,+300,0.0072,586900
03/11/2023,30644,30644,30100,30100,-150,-0.0036,563400
02/11/2023,29628,30209,29447,30209,"+1,650",0.041299999999999996,690200
01/11/2023,29665,29665,28794,29012,-200,-0.005,419900
31/10/2023,29737,30100,29157,29157,-800,-0.0195,545000
30/10/2023,30390,30390,29737,29737,"-1,000",-0.023799999999999998,607700
27/10/2023,29411,30463,29157,30463,"+1,450",0.0358,894500
26/10/2023,29012,29665,28287,29411,-200,-0.0049,1976000
25/10/2023,29955,30172,29556,29556,-550,-0.013300000000000001,741800
24/10/2023,29121,30064,29121,29955,"+1,000",0.0248,915400
23/10/2023,29230,29375,29084,29230,-200,-0.0049,706800
20/10/2023,29157,29375,28686,29375,+300,0.0075,978400
19/10/2023,29157,29447,28794,29157,+200,0.005,1169600
18/10/2023,29955,29991,29012,29012,"-1,300",-0.0315,1475600
17/10/2023,30390,30608,29955,29955,-350,-0.0084,978500
16/10/2023,30825,30825,29919,30209,-850,-0.02,973400
13/10/2023,30608,30825,30535,30825,+350,0.0083,1127000
12/10/2023,30499,30753,30390,30571,+150,0.0036,1015900
11/10/2023,30825,30825,30281,30463,-50,-0.0012,1217500
10/10/2023,30608,30825,30390,30499,+100,0.0024,876600
09/10/2023,30608,30680,30318,30426,-250,-0.0059,977700
06/10/2023,30172,30825,29882,30608,+600,0.0144,705200
05/10/2023,30825,31079,30136,30172,-900,-0.0212,526100
04/10/2023,29737,31152,29737,30825,+950,0.0229,892900
03/10/2023,31659,31732,30136,30136,"-2,400",-0.0546,1336300
02/10/2023,32167,32385,31768,31877,-400,-0.009000000000000001,688100
29/09/2023,32203,32457,32058,32167,,,542600
28/09/2023,32167,32421,32095,32167,-50,-0.0011,695600
27/09/2023,32167,32421,32095,32203,+50,0.0011,1079800
26/09/2023,32856,32856,32058,32167,-750,-0.0166,1121800
25/09/2023,33400,33400,32566,32711,-950,-0.0206,1038300
22/09/2023,32493,33400,32058,33400,+850,0.018799999999999997,1822500
21/09/2023,33146,33400,32711,32784,-500,-0.0109,915200
20/09/2023,32784,33146,32711,33146,+500,0.0111,673300
19/09/2023,33219,33473,32639,32784,-550,-0.012,1189600
18/09/2023,34089,34089,32856,33182,"-1,050",-0.022400000000000003,1446600
15/09/2023,34089,34379,33944,33944,+50,0.0011,1054000
14/09/2023,34089,34742,33908,33908,-250,-0.0053,1873900
13/09/2023,34162,34343,33726,34089,,,1201100
12/09/2023,33908,34089,33654,34089,+500,0.0108,991701
11/09/2023,34379,34379,33364,33726,-500,-0.0106,967290
08/09/2023,34452,34488,34053,34089,-350,-0.0074,1600711
07/09/2023,34452,34923,34234,34343,+50,0.0011,1372704
06/09/2023,34597,34597,34198,34307,-200,-0.0042,1178702
05/09/2023,34089,34597,34089,34452,+550,0.011699999999999999,1362306
31/08/2023,33618,34053,33581,34053,+750,0.016200000000000003,1668901
30/08/2023,33364,33799,33219,33509,+400,0.0087,1123802
29/08/2023,32929,33436,32892,33219,+400,0.0088,1359604
28/08/2023,32892,33291,32856,32929,+200,0.0044,740305
25/08/2023,33219,33219,32675,32784,-600,-0.0131,1374700
24/08/2023,33146,33436,32892,33219,+100,0.0022,1508214
23/08/2023,33509,33509,32929,33146,-100,-0.0022,1363112
22/08/2023,32566,33328,32276,33219,+200,0.0044,1307541
21/08/2023,32348,33980,32276,33074,"+1,400",0.0317,1810037
18/08/2023,34162,34162,31986,32058,"-2,900",-0.0616,2845403
17/08/2023,34452,34597,34162,34162,-400,-0.0084,1666030
16/08/2023,34053,34524,34017,34452,+500,0.0106,1353745
15/08/2023,34379,34524,33980,34089,-600,-0.0126,1658050
14/08/2023,34089,34561,33835,34524,+900,0.019299999999999998,2117157
11/08/2023,33726,34017,33074,33872,+200,0.0043,2102433
10/08/2023,34960,35105,33726,33726,"-1,700",-0.0353,2612141
09/08/2023,35286,35395,34851,34960,-450,-0.0092,1802335
08/08/2023,35467,35866,35213,35286,-200,-0.0040999999999999995,2104930
07/08/2023,35322,35866,35141,35431,+450,0.009300000000000001,2004743
04/08/2023,35177,35467,34960,35105,-150,-0.0031,2196043
03/08/2023,35612,35649,35105,35213,-550,-0.011200000000000002,2094442
02/08/2023,34960,35757,34923,35612,+900,0.0187,2355639
01/08/2023,34488,35902,34234,34960,"+1,000",0.0212,3814122
31/07/2023,34089,34416,33872,34234,+500,0.010700000000000001,1873051
28/07/2023,33872,34307,33654,33872,,,1754635
27/07/2023,34307,34379,33835,33872,-650,-0.0137,1369722
26/07/2023,34198,34851,34198,34343,+200,0.0042,2329124
25/07/2023,33908,34234,33872,34198,+350,0.0075,1621631
24/07/2023,34017,34524,33944,33944,+450,0.0096,1970038
21/07/2023,33545,33908,33436,33908,+500,0.0108,1422119
20/07/2023,33509,33654,33255,33545,,,934612
19/07/2023,34017,34017,33255,33545,-450,-0.0096,2329500
18/07/2023,33509,33872,33509,33872,+500,0.0108,1667200
17/07/2023,33908,34162,33509,33509,-550,-0.0118,2231500
14/07/2023,34017,34561,33400,33908,-150,-0.0032,2606100
13/07/2023,34017,34452,33763,34017,+200,0.0043,2784600
12/07/2023,34053,34198,33473,33872,+150,0.0032,2332100
11/07/2023,34234,34379,33726,33763,-400,-0.0085,3520200
10/07/2023,32203,34053,32058,34053,"+2,650",0.059800000000000006,4620400
07/07/2023,31696,32131,31696,32131,+350,0.008,880100
06/07/2023,32058,32385,31623,31877,-400,-0.009000000000000001,1337000
05/07/2023,32058,32457,31949,32167,+350,0.008,1388400
04/07/2023,32203,32312,31732,31913,-500,-0.011200000000000002,1183300
03/07/2023,31841,32276,31696,32276,"+1,150",0.0265,1085400
30/06/2023,32276,32493,31442,31442,"-1,150",-0.0258,975000
29/06/2023,32929,33291,32276,32276,-850,-0.0187,1582000
28/06/2023,32131,32892,32022,32892,"+1,050",0.023700000000000002,3137400
27/06/2023,31986,32240,31913,32131,,,793800
26/06/2023,32276,32530,31841,32131,,,1225100
23/06/2023,31841,32602,31696,32131,+350,0.008,1911900
22/06/2023,31696,31949,31478,31877,+550,0.0127,1284000
21/06/2023,31551,31913,31405,31478,-100,-0.0023,812800
20/06/2023,31514,31551,31297,31551,+200,0.0046,812700
19/06/2023,31768,31804,31405,31405,-400,-0.0092,1096000
16/06/2023,32131,32276,31659,31696,-150,-0.0034000000000000002,1941500
15/06/2023,31841,32058,31696,31804,-150,-0.0034000000000000002,823400
14/06/2023,32348,32421,31913,31913,-350,-0.0079,1534800
13/06/2023,31696,32276,31659,32167,+700,0.016,1528340
12/06/2023,31623,31659,31188,31659,+200,0.0046,1245600
09/06/2023,31768,31949,31260,31514,-250,-0.005699999999999999,1289600
08/06/2023,32203,32276,31696,31696,-650,-0.0147,1655400
07/06/2023,32493,32566,32167,32167,-450,-0.01,967700
06/06/2023,32639,32639,32131,32493,+100,0.0022,846100
05/06/2023,32566,32892,32421,32421,,,959100
02/06/2023,31913,32566,31913,32421,+800,0.0182,1502800
01/06/2023,31913,31913,31659,31841,-100,-0.0023,617900
31/05/2023,31768,31913,31587,31913,+200,0.0046,1770800
30/05/2023,31913,31913,31623,31768,-100,-0.0023,800800
29/05/2023,31877,31877,31478,31841,+500,0.0115,1668100
26/05/2023,31986,31986,31478,31478,-350,-0.008,544800
25/05/2023,31551,31913,31514,31732,+250,0.005699999999999999,655400
24/05/2023,31913,31913,31551,31551,-350,-0.008,767100
23/05/2023,32566,32566,31804,31804,-550,-0.0124,753500
22/05/2023,32203,32602,32203,32203,,,607800
19/05/2023,32348,32602,32131,32203,-250,-0.005600000000000001,771200
18/05/2023,32566,32602,32276,32385,-150,-0.0033,514700
17/05/2023,32639,32711,32493,32493,-200,-0.0044,1117100
16/05/2023,32711,32711,32457,32639,+100,0.0022,680201
15/05/2023,33364,33364,32566,32566,-100,-0.0022,570500
12/05/2023,32639,32711,32312,32639,,,428300
11/05/2023,32639,32820,32493,32639,,,510500
10/05/2023,32856,32856,32276,32639,-100,-0.0022,595000
09/05/2023,32421,32892,32421,32711,+400,0.0089,650900
08/05/2023,31587,33001,31587,32421,"+1,250",0.0288,1130501
05/05/2023,31768,31804,31514,31514,-300,-0.0069,296500
04/05/2023,31551,32058,31405,31732,+250,0.005699999999999999,376500
28/04/2023,31877,31986,31551,31551,-400,-0.0091,414600
27/04/2023,31986,31986,31551,31841,-200,-0.0045000000000000005,163100
26/04/2023,31551,32131,31333,31986,+550,0.0126,405100
25/04/2023,31623,31841,31297,31587,-150,-0.0034000000000000002,539200
24/04/2023,32058,32058,31696,31696,-500,-0.0113,462900
21/04/2023,32348,32348,32058,32058,-400,-0.009000000000000001,354500
20/04/2023,32167,32348,32022,32348,+200,0.0045000000000000005,256900
19/04/2023,32457,32457,32058,32203,-200,-0.0045000000000000005,452100
18/04/2023,32493,32639,32131,32348,-400,-0.0089,639700
17/04/2023,32240,32711,32203,32639,+550,0.0124,716600
14/04/2023,32639,32639,32240,32240,-500,-0.0111,618700
13/04/2023,32203,32639,32203,32602,+550,0.0124,779000
12/04/2023,32276,32493,32058,32203,,,775500
11/04/2023,32240,32385,32022,32203,-300,-0.0067,1229100
10/04/2023,33219,33219,32421,32421,-950,-0.0208,1806100
07/04/2023,33182,33364,33001,33110,-350,-0.0076,731900
06/04/2023,33001,33726,32856,33364,+500,0.011000000000000001,1514700
05/04/2023,33364,33581,32856,33001,-500,-0.0109,1363800
04/04/2023,33291,33473,33146,33364,+100,0.0022,889600
03/04/2023,33835,33944,33219,33291,-300,-0.006500000000000001,1263700
31/03/2023,33509,34089,33400,33509,,,643700
30/03/2023,33545,33799,33509,33509,,,699700
29/03/2023,33364,33618,33037,33509,+200,0.0043,303100
28/03/2023,33726,33944,33364,33364,,,504000
27/03/2023,33037,33473,32639,33364,+450,0.009899999999999999,672200
24/03/2023,33291,33581,33001,33037,-350,-0.0076,364600
23/03/2023,32856,33364,32856,33291,-200,-0.0043,414900
22/03/2023,33182,33509,32965,33436,+750,0.0165,560800
21/03/2023,32929,33182,32493,32892,,,741600
20/03/2023,33364,33364,32639,32892,-950,-0.020499999999999997,585800
17/03/2023,34089,34089,33364,33581,+50,0.0011,310700
16/03/2023,33400,34017,33400,33545,-550,-0.0118,875700
15/03/2023,33364,34379,32965,33944,"+1,750",0.0388,628400
14/03/2023,33436,33618,32457,32675,"-1,200",-0.0259,1444500
13/03/2023,33799,34017,33545,33545,-900,-0.0191,933700
10/03/2023,34416,34416,34053,34198,-500,-0.0105,862200
09/03/2023,34814,34814,34125,34561,-350,-0.0073,1170600
08/03/2023,33654,34814,33291,34814,"+1,100",0.0235,1229700
07/03/2023,33001,34162,33001,34017,"+1,100",0.024,1634600
06/03/2023,33291,34089,32856,33219,-100,-0.0022,864900
03/03/2023,33654,33726,32820,33291,-500,-0.0108,735400
02/03/2023,33110,33726,32929,33654,+750,0.016399999999999998,976200
01/03/2023,31913,33110,31768,33110,"+1,550",0.0351,740900
28/02/2023,32095,32348,31949,31986,-150,-0.0034000000000000002,257600
27/02/2023,32276,32276,31623,32095,-350,-0.0078000000000000005,939200
24/02/2023,32675,33037,32203,32348,-950,-0.0209,497900
23/02/2023,32602,33037,31696,33037,+550,0.012199999999999999,1279900
22/02/2023,33255,33364,32639,32639,"-1,250",-0.027000000000000003,994100
21/02/2023,34234,34307,33545,33545,-950,-0.020099999999999996,996600
20/02/2023,33219,34343,33219,34234,"+1,400",0.030600000000000002,1508300
17/02/2023,32639,33219,32602,33219,+800,0.0178,1493700
16/02/2023,32421,32639,31913,32639,"+1,000",0.0227,1068100
15/02/2023,31297,32240,31297,31913,+600,0.0138,604600
14/02/2023,32276,32276,31405,31478,"-1,000",-0.0225,1325100
13/02/2023,31152,32203,31152,32203,"+1,450",0.0338,1589700
10/02/2023,32203,32312,31152,31152,"-1,050",-0.0239,1398000
09/02/2023,32276,32639,31913,31913,-500,-0.011200000000000002,1184800
08/02/2023,31841,32820,31841,32276,+700,0.016,1796700
07/02/2023,32639,32892,31696,31768,"-1,200",-0.026699999999999998,1629900
06/02/2023,31405,32639,31115,32639,"+1,650",0.0381,1747200
03/02/2023,31551,31768,31297,31442,+200,0.0046,1377900
02/02/2023,31007,31623,30535,31297,+350,0.008199999999999999,2864500
01/02/2023,32892,33001,30898,31043,"-2,300",-0.051,2599500
31/01/2023,32095,32711,31587,32711,+600,0.013500000000000002,1643500
30/01/2023,31913,32566,31913,32276,-50,-0.0011,1390300
27/01/2023,33726,33799,32276,32312,"-1,400",-0.0305,1729800
19/01/2023,32711,33581,32602,33328,+850,0.018799999999999997,1857800
18/01/2023,32566,33037,32493,32711,+150,0.0033,1832900
17/01/2023,32639,32856,32348,32602,+250,0.005600000000000001,1499200
16/01/2023,30463,32421,30426,32421,"+2,900",0.0694,4737900
13/01/2023,30172,30608,30172,30318,+350,0.0084,1630000
12/01/2023,29991,30426,29737,30064,+200,0.0048,900200
11/01/2023,30172,30608,29665,29919,-50,-0.0012,1531300
10/01/2023,30172,30245,29556,29955,+300,0.0073,924000
09/01/2023,30608,30608,29628,29737,-650,-0.015600000000000001,1326400
06/01/2023,29556,30789,29447,30209,+900,0.022099999999999998,3400900
05/01/2023,29737,29810,29193,29556,-50,-0.0012,1175100
04/01/2023,29882,30608,29302,29592,-400,-0.0097,2070300
03/01/2023,28504,29882,28323,29882,"+2,600",0.0674,1732900
30/12/2022,29193,30100,27997,27997,"-1,400",-0.035,2618200
29/12/2022,30463,30535,29012,29012,,,1265700
28/12/2022,29084,30753,28722,30390,,,3692800
27/12/2022,28142,29012,28069,29012,,,1686000
26/12/2022,28287,28359,28105,28142,,,1255700
23/12/2022,28649,28649,28287,28287,,,690600
22/12/2022,28178,28939,28105,28287,,,1335700
21/12/2022,28178,28722,27888,27997,,,1432800
20/12/2022,28142,28287,27199,27924,,,1652700
19/12/2022,28142,29375,28142,28142,,,1917400
16/12/2022,28033,28649,28033,28214,,,1000200
15/12/2022,27997,28903,27997,28287,,,1459900
14/12/2022,28794,28794,28142,28142,,,679400
13/12/2022,27598,28649,27598,28069,,,1706400
12/12/2022,28577,28939,27634,27634,,,1983700
09/12/2022,28214,28649,27779,28432,,,1747100
08/12/2022,28432,29882,28142,28287,,,2731500
07/12/2022,28649,28649,27924,28287,,,1797900
06/12/2022,29810,29810,28359,28359,,,2673000
05/12/2022,30027,30463,29411,29919,,,1665800
02/12/2022,28287,29955,28250,29882,,,1503000
01/12/2022,29810,30100,28287,28287,,,1935500
30/11/2022,29737,30680,28649,29810,,,2054900
29/11/2022,28649,29737,28178,29737,,,2549200
28/11/2022,29012,29447,28287,28649,,,2605800
25/11/2022,27851,29012,27706,29012,,,2564400
24/11/2022,26981,27851,26691,27561,,,1789300
23/11/2022,26401,27561,26074,27126,,,2475200
22/11/2022,25095,26655,25095,26437,,,2109100
21/11/2022,26473,26473,25748,25748,,,1285300
18/11/2022,25857,26147,24660,26074,,,1383600
17/11/2022,26256,26473,25748,25857,,,1492200
16/11/2022,23137,25893,22883,25893,,,1603000
15/11/2022,25385,25929,24225,24225,,,1888700
14/11/2022,25821,26763,25313,26038,,,1326800
11/11/2022,26111,26473,25676,26111,,,2165600
10/11/2022,26074,26074,24406,25168,,,2499700
09/11/2022,25458,26691,25422,26220,,,4501700
08/11/2022,23935,25385,23935,25313,,,3079100
07/11/2022,23790,24733,23790,24152,,,1582200
04/11/2022,23935,24406,22883,24152,,,2376600
03/11/2022,24044,24515,23935,23935,,,1125400
02/11/2022,24696,24914,24334,24442,,,1325200
01/11/2022,25095,25494,24660,24696,,,1615200
31/10/2022,24515,25277,24442,25059,,,2917500
28/10/2022,24878,25349,24515,24515,,,2106200
27/10/2022,23064,24588,23064,24588,,,2310800
26/10/2022,22847,23572,22702,22992,,,684000
25/10/2022,21759,23536,21251,22702,,,1464500
24/10/2022,23899,23899,22013,22013,,,1374200
21/10/2022,24044,24044,23282,23645,,,1657300
20/10/2022,23645,24660,23572,24044,,,1476325
19/10/2022,23790,24297,23500,23935,,,1062800
18/10/2022,23935,24261,23717,23790,,,882400
17/10/2022,23899,23899,22992,23717,,,1089600
14/10/2022,23935,24080,23645,23935,,,1720800
13/10/2022,22158,23536,22085,23536,,,1698700
12/10/2022,21034,22085,20816,22085,,,1476600
11/10/2022,21759,21759,20671,20671,,,1192900
10/10/2022,20417,22085,20308,21759,,,1000800
07/10/2022,22121,22194,20961,21179,,,1716300
06/10/2022,23173,23173,22484,22484,,,915800
05/10/2022,23064,23209,22702,23064,,,864200
04/10/2022,23209,23246,22412,22484,,,1195400
03/10/2022,24007,24370,22883,22883,,,1573400
30/09/2022,23790,24588,23427,24588,,,1817900
29/09/2022,24660,24733,24261,24297,,,1000100
28/09/2022,24442,24588,24189,24297,,,777900
27/09/2022,24297,24696,23935,24442,,,607300
26/09/2022,24733,24841,23500,24225,,,2016400
23/09/2022,25821,25821,25023,25204,,,785400
22/09/2022,25059,25603,24986,25494,,,977300
21/09/2022,25240,25458,25204,25204,,,837400
20/09/2022,24878,25567,24878,25494,,,1116600
19/09/2022,25712,25712,24733,24805,,,1276000
16/09/2022,26111,26256,25748,25748,,,974900
15/09/2022,26473,26691,25857,25929,,,1945600
14/09/2022,26111,26473,26074,26473,,,933100
13/09/2022,26763,27017,26582,26691,,,840200
12/09/2022,26836,27199,26691,26763,,,937800
09/09/2022,26618,26909,26220,26836,,,1111000
08/09/2022,27489,27815,26546,26618,,,2190400
07/09/2022,28939,28939,27416,27416,,,3012000
06/09/2022,28649,29411,28613,29048,,,1779600
05/09/2022,29012,29048,28468,28649,,,803800
31/08/2022,28867,29157,28722,29012,,,1622100
30/08/2022,28323,29338,28287,28867,,,2704700
29/08/2022,27997,28504,27670,28287,,,1345400
26/08/2022,28504,29121,28504,28577,,,2006200
25/08/2022,28287,28649,28250,28504,,,1272100
24/08/2022,28794,28867,28250,28504,,,969800
23/08/2022,27815,28649,27706,28649,,,1732500
22/08/2022,28541,28541,27815,27888,,,1761800
19/08/2022,28686,29012,28432,28541,,,1451800
18/08/2022,28794,29084,28722,28722,,,1480900
17/08/2022,29375,29447,29012,29012,,,1394900
16/08/2022,29701,29810,29375,29375,,,981400
15/08/2022,28504,29846,28504,29737,,,3772200
12/08/2022,27779,28432,27670,28432,,,1639000
11/08/2022,28287,28504,27706,27779,,,1834100
10/08/2022,27924,28142,27851,27851,,,987000
09/08/2022,28142,28432,27997,28033,,,1567700
08/08/2022,28287,28468,28069,28142,,,987900
05/08/2022,28432,28432,27924,28287,,,1029400
04/08/2022,28504,28758,27924,28504,,,2421700
03/08/2022,27525,28504,27489,28504,,,2146200
02/08/2022,27997,28287,27706,27924,,,1951800
01/08/2022,27126,28287,27054,28287,,,3367400
29/07/2022,26618,27489,26582,27054,,,4174700
28/07/2022,26111,26727,25893,26473,,,2049800
27/07/2022,25784,25857,25385,25784,,,725200
26/07/2022,25966,26111,25748,25784,,,1090800
25/07/2022,25748,26038,25240,25676,,,1196800
22/07/2022,26763,26763,25748,25748,,,1247400
21/07/2022,26256,26727,26256,26473,,,1519100
20/07/2022,26256,26763,26074,26401,,,1587800
19/07/2022,25748,26002,25385,25857,,,1081900
18/07/2022,26111,26111,25676,25748,,,1698400
15/07/2022,26183,26655,25966,25966,,,1387300
14/07/2022,25966,26763,25929,26220,,,1504200
13/07/2022,26256,26981,25966,26147,,,2657100
12/07/2022,24914,26473,24805,26401,,,1671000
11/07/2022,25313,25494,23935,25023,,,2058500
08/07/2022,26401,26437,25385,25385,,,1979400
07/07/2022,25676,26582,24878,26328,,,2824700
06/07/2022,25966,26763,25748,25821,,,2751616
05/07/2022,25422,27199,25385,26328,,,4953559
04/07/2022,25748,25929,25313,25422,,,1827500
01/07/2022,23862,25893,23282,25422,,,3520700
30/06/2022,25385,25385,24297,24297,,,1498400
29/06/2022,23935,25313,23935,25313,,,2412200
28/06/2022,22919,24624,22919,24406,,,2512700
27/06/2022,22702,23064,22593,23028,,,826300
24/06/2022,22629,23391,22557,22629,,,1328200
23/06/2022,22121,22484,21795,22484,,,422300
22/06/2022,21976,22919,21614,22121,,,1532700
21/06/2022,21106,22230,20997,21976,,,1403700
20/06/2022,22992,23064,21396,21396,,,972600
17/06/2022,23173,23173,22629,22919,,,1218700
16/06/2022,23209,23790,23209,23427,,,1621500
15/06/2022,23209,23572,22484,23209,,,1366100
14/06/2022,23137,23790,22557,23427,,,1178900
13/06/2022,23971,24189,23173,23173,,,1446900
10/06/2022,24696,24878,24515,24515,,,916000
09/06/2022,24914,25204,24733,25023,,,594400
08/06/2022,24442,25240,24406,24878,,,982900
07/06/2022,24733,24805,24007,24370,,,1172500
06/06/2022,24914,25132,24515,24805,,,918800
03/06/2022,25168,25204,24660,24914,,,570700
02/06/2022,25494,25530,25023,25168,,,905200
01/06/2022,25458,25784,25349,25494,,,1071100
31/05/2022,25748,25821,25385,25603,,,1027300
30/05/2022,25748,26002,25530,25929,,,1088100
27/05/2022,25458,25676,25313,25603,,,891000
26/05/2022,25821,25929,25385,25458,,,1194100
25/05/2022,24660,25458,24660,25313,,,1066800
24/05/2022,24442,24551,24007,24479,,,768000
23/05/2022,24950,25168,23935,24189,,,1002800
20/05/2022,24950,25313,24878,25023,,,1128100
19/05/2022,24660,25385,24588,25132,,,895100
18/05/2022,25313,25748,24805,25313,,,1288800
17/05/2022,23572,24986,23246,24986,,,1175800
16/05/2022,24080,24116,23355,23355,,,1280700
13/05/2022,24515,24660,23064,23064,,,2353900
12/05/2022,25676,25966,24370,24370,,,1507900
11/05/2022,25929,26183,25422,26183,,,862900
10/05/2022,24733,26038,24297,25966,,,1727600
09/05/2022,26546,26763,24986,24986,,,2414100
06/05/2022,27090,27453,26836,26836,,,1606200
05/05/2022,27271,27706,26836,27706,,,1990600
04/05/2022,27017,27344,26800,27017,,,1561000
29/04/2022,26727,27380,26691,27017,,,1518600
28/04/2022,26981,26981,26618,26618,,,974900
27/04/2022,26836,27199,26437,26981,,,748100
26/04/2022,25494,27017,25494,26763,,,1857800
25/04/2022,27924,27997,26002,26002,,,2945400
22/04/2022,27997,28359,27561,27924,,,2628900
21/04/2022,27489,28105,27307,27924,,,2094100
20/04/2022,27525,28142,27453,27525,,,1458300
19/04/2022,27815,28432,27199,27525,,,2322500
18/04/2022,28686,28794,27416,27525,,,2820600
15/04/2022,29447,29882,28287,28504,,,2508700
14/04/2022,30027,30027,29375,29375,,,1890900
13/04/2022,29375,30027,29084,29665,,,1996100
12/04/2022,30680,30680,29338,29338,,,3187500
08/04/2022,31188,31333,30318,30390,,,3146100
07/04/2022,31551,32167,31224,31224,,,3152800
06/04/2022,31188,31768,30934,31551,,,3242600
05/04/2022,31551,31768,31297,31405,,,2905000
04/04/2022,32602,32602,32095,32095,,,2081900
01/04/2022,31551,32276,31478,32167,,,3165900
31/03/2022,31732,31877,31478,31551,,,1444000
30/03/2022,30535,32639,30245,31587,,,3512800
29/03/2022,30245,30825,30100,30753,,,1733800
28/03/2022,31188,31514,30064,30172,,,3983900
25/03/2022,31297,31804,30898,31514,,,1969000
24/03/2022,31478,31514,31188,31260,,,1287000
23/03/2022,31514,32203,31297,31478,,,1995900
22/03/2022,31768,31877,31333,31551,,,2825000
21/03/2022,31841,31986,31405,31768,,,1279000
18/03/2022,31696,32348,31551,31841,,,2786600
17/03/2022,30608,32095,29737,31551,,,5819900
16/03/2022,30680,30680,30100,30172,,,1331400
15/03/2022,29955,30608,29737,30535,,,1515300
14/03/2022,30354,30608,29955,29955,,,1337300
11/03/2022,29701,30354,29701,30354,,,1476500
10/03/2022,30100,30463,29701,29701,,,1563100
09/03/2022,30172,30390,29375,29375,,,1970700
08/03/2022,30318,30861,30027,30172,,,2585800
07/03/2022,31043,31043,30571,30644,,,2266100
04/03/2022,31043,31551,30825,31405,,,1660800
03/03/2022,30716,31333,30463,31043,,,2473700
02/03/2022,31696,31913,30716,30789,,,3090100
01/03/2022,31732,32639,31623,31986,,,2395600
28/02/2022,32131,32312,31696,31696,,,2699000
25/02/2022,32348,33074,32276,32312,,,2347500
24/02/2022,32856,33037,31623,32348,,,3385900
23/02/2022,33726,34017,33001,33074,,,2954000
22/02/2022,32566,33364,32421,33364,,,2290300
21/02/2022,32493,32965,31696,32820,,,2957200
18/02/2022,32965,33400,32421,32421,,,2995400
17/02/2022,33146,33364,32421,33364,,,1790200
16/02/2022,33436,33436,32421,32747,,,2795800
15/02/2022,32530,33581,32203,33509,,,3694100
14/02/2022,34234,34524,32457,32457,,,7129000
11/02/2022,34960,35177,34669,34742,,,1716100
10/02/2022,35250,35467,34814,35105,,,2741500
09/02/2022,34307,35467,34089,35105,,,4562000
08/02/2022,34379,35105,33726,34343,,,2672600
07/02/2022,35105,35250,34234,34379,,,3477200
28/01/2022,34524,35540,34307,34778,,,2956900
27/01/2022,34814,35177,34379,34524,,,1921100
26/01/2022,35902,36229,34887,34887,,,4052900
25/01/2022,33581,35540,33291,35540,,,4703200
24/01/2022,34017,35177,33980,34017,,,4165100
21/01/2022,34125,35395,33726,34343,,,4570000
20/01/2022,31260,33872,30644,33872,,,5657900
19/01/2022,32675,33219,31587,31659,,,2972800
18/01/2022,31478,32965,31478,32566,,,4849200
17/01/2022,31913,34089,31623,31659,,,7861100
14/01/2022,31405,32711,31405,32095,,,3265400
13/01/2022,30825,32711,30825,31913,,,9714800
12/01/2022,28577,30571,28577,30571,,,8028300
11/01/2022,28142,28939,27779,28577,,,4276500
10/01/2022,28432,29230,28142,28178,,,3180600
07/01/2022,28033,28613,27307,28432,,,4367700
06/01/2022,26473,28142,26292,27561,,,5998800
05/01/2022,27489,27489,26763,26872,,,1922200
04/01/2022,27271,27561,27017,27126,,,1769200
31/12/2021,25821,27344,25748,26909,,,4857000
30/12/2021,25676,25893,25530,25676,,,987000
29/12/2021,25784,25784,25458,25530,,,1581600
28/12/2021,25748,25748,25313,25530,,,1359900
27/12/2021,25530,25748,25385,25603,,,1202100
24/12/2021,25023,25676,25023,25385,,,1525000
23/12/2021,25240,25313,24442,25023,,,2318800
22/12/2021,25257,25400,24654,24855,,,2856600
21/12/2021,25544,25630,25142,25142,,,2787700
20/12/2021,25716,25802,25544,25601,,,1256500
17/12/2021,25773,26118,25314,25773,,,1880500
16/12/2021,25831,25831,25257,25773,,,1674500
15/12/2021,25946,26118,25687,25773,,,1453900
14/12/2021,26233,26233,25946,26003,,,1739800
13/12/2021,26118,26290,25888,26118,,,2477500
10/12/2021,25429,25946,25429,25601,,,2064600
09/12/2021,25228,25343,24998,25257,,,1008500
08/12/2021,25084,25429,24941,25257,,,1145000
07/12/2021,24137,25113,24137,25027,,,1653500
06/12/2021,24683,24683,23908,24080,,,2858100
03/12/2021,25544,25544,24109,24109,,,2199100
02/12/2021,25400,26060,25257,25372,,,1367300
01/12/2021,25486,25659,25084,25429,,,1755700
30/11/2021,25773,26204,25027,25486,,,2562100
29/11/2021,25544,25831,25314,25544,,,3560500
26/11/2021,26462,26520,25257,26089,,,4132100
25/11/2021,26634,26634,26003,26032,,,2706800
24/11/2021,25802,26462,25601,26433,,,4127600
23/11/2021,26118,26118,25372,25659,,,1795000
22/11/2021,25486,26520,25257,26146,,,4939900
19/11/2021,25572,26433,24109,25486,,,4055100
18/11/2021,25257,25773,24912,25544,,,3510800
17/11/2021,24482,25142,24367,25027,,,2444800
16/11/2021,24510,24740,24367,24568,,,1266900
15/11/2021,24884,24970,24109,24568,,,1523300
12/11/2021,24310,24855,24310,24797,,,1876300
11/11/2021,24912,24970,24223,24568,,,2441800
10/11/2021,24740,24970,24310,24683,,,2138500
09/11/2021,25257,25343,24683,24683,,,3340900
08/11/2021,25027,25486,24769,25199,,,2686800
05/11/2021,25257,25486,24826,25027,,,1940900
04/11/2021,24769,25400,24510,25257,,,4380200
03/11/2021,24281,25314,24109,24711,,,6141700
02/11/2021,23994,24396,23879,24080,,,1597700
01/11/2021,24109,24166,23879,23994,,,3293200
29/10/2021,22961,23936,22903,23822,,,3905300
28/10/2021,22961,23075,22788,22874,,,1237100
27/10/2021,22530,22932,22530,22903,,,1412300
26/10/2021,22501,22616,22473,22501,,,697200
25/10/2021,22731,22731,22501,22501,,,889700
22/10/2021,22674,22788,22559,22559,,,1054900
21/10/2021,22817,22903,22674,22674,,,632200
20/10/2021,22989,23075,22559,22817,,,1079600
19/10/2021,22559,23276,22387,22989,,,2212300
18/10/2021,22674,22989,22387,22559,,,1795500
15/10/2021,22702,22874,22674,22674,,,1104900
14/10/2021,22903,22932,22702,22702,,,1060700
13/10/2021,23133,23219,22731,22903,,,1423600
12/10/2021,23075,23391,22989,23104,,,1985900
11/10/2021,22731,22961,22616,22961,,,1760100
08/10/2021,22473,22616,22473,22501,,,978100
07/10/2021,22616,22674,22473,22473,,,1021500
06/10/2021,22674,22961,22559,22616,,,813300
05/10/2021,22387,22702,22387,22559,,,730100
04/10/2021,22300,22731,22100,22329,,,1055100
01/10/2021,22559,22645,22272,22272,,,1848810
30/09/2021,22874,22961,22587,22645,,,1097300
29/09/2021,22989,22989,22559,22903,,,1183100
28/09/2021,22616,23162,22501,23018,,,2187700
27/09/2021,22788,23018,22501,22616,,,1210800
24/09/2021,22674,22846,22645,22788,,,997080
23/09/2021,22846,22903,22645,22645,,,1084600
22/09/2021,22731,22903,22444,22731,,,1267800
21/09/2021,22674,22846,22501,22760,,,1524100
20/09/2021,22989,23133,22903,22903,,,1957000
17/09/2021,22731,23219,22731,22961,,,1816280
16/09/2021,22444,22674,22415,22616,,,1465600
15/09/2021,22157,22387,22157,22272,,,1055100
14/09/2021,22444,22473,22157,22214,,,1415300
13/09/2021,22760,22760,22387,22473,,,1734700
10/09/2021,22961,22961,22731,22760,,,793800
09/09/2021,22731,22846,22702,22846,,,839800
08/09/2021,23075,23190,22674,22731,,,1620900
07/09/2021,22559,23075,22473,22788,,,1709800
06/09/2021,22415,22674,22358,22444,,,1364600
01/09/2021,22272,22444,22186,22387,,,1357900
31/08/2021,22731,22731,22358,22358,,,1902700
30/08/2021,22387,22674,22272,22645,,,1759587
27/08/2021,22100,22387,21698,22214,,,1906500
26/08/2021,22760,22760,21813,22157,,,2045600
25/08/2021,22674,22702,22387,22645,,,1103600
24/08/2021,22559,22788,22329,22616,,,2797900
23/08/2021,23248,23420,22559,22559,,,2742300
20/08/2021,24453,24625,22961,23248,,,4363500
19/08/2021,24453,24453,24195,24396,,,1803900
18/08/2021,24625,24683,24396,24482,,,1514500
17/08/2021,25027,25027,24568,24654,,,3475300
16/08/2021,24310,24970,24109,24855,,,3286300
13/08/2021,24482,24683,23994,24424,,,2309600
12/08/2021,24884,24912,24568,24568,,,1709400
11/08/2021,24855,25314,24625,24740,,,2739100
10/08/2021,24826,24970,24711,24855,,,1867400
09/08/2021,24424,24769,24310,24769,,,1743800
06/08/2021,24654,24912,24453,24625,,,1868300
05/08/2021,24453,24970,24281,24654,,,2116600
04/08/2021,24912,24970,24510,24683,,,2140000
03/08/2021,24281,24884,24166,24884,,,2765600
02/08/2021,24109,24654,24109,24424,,,3961400
30/07/2021,23707,23736,23506,23592,,,2031500
29/07/2021,23420,23535,23305,23535,,,1179900
28/07/2021,23075,23248,22961,23248,,,1233300
27/07/2021,23190,23420,23047,23075,,,1428900
26/07/2021,22961,23162,22674,22961,,,1436900
23/07/2021,23477,23822,23075,23075,,,1823500
22/07/2021,23305,23592,23305,23535,,,1700900
21/07/2021,23764,23764,23248,23362,,,1157700
20/07/2021,22788,23535,22329,23535,,,2713600
19/07/2021,23592,24051,22760,22760,,,2980800
16/07/2021,24568,24683,24396,24396,,,1416400
15/07/2021,24137,24769,24109,24510,,,1793200
14/07/2021,24396,24510,23535,24453,,,1788900
13/07/2021,24396,24539,23850,24338,,,1982500
12/07/2021,25601,25601,23994,24109,,,6021800
09/07/2021,25946,26405,25257,25773,,,3587800
08/07/2021,26118,26491,25802,26290,,,2127400
07/07/2021,25544,26204,25027,26118,,,3943600
06/07/2021,26921,27897,25257,25257,,,6896000
05/07/2021,27007,27007,25946,26778,,,3489500
02/07/2021,27266,27409,26921,27007,,,4204700
01/07/2021,27266,27352,26893,27151,,,4601600
30/06/2021,26921,27237,26893,27122,,,4101800
29/06/2021,26979,27495,26749,26921,,,3945700
28/06/2021,26405,27036,26204,26921,,,6685100
25/06/2021,25888,26405,25659,26146,,,2572300
24/06/2021,26060,26347,25831,25946,,,2110700
23/06/2021,25773,26634,25773,26060,,,2574200
22/06/2021,26003,26089,25773,25831,,,2811900
21/06/2021,26347,26405,25745,25831,,,4237600
18/06/2021,26548,26692,26233,26491,,,3200200
17/06/2021,25601,26606,25601,26347,,,3579300
16/06/2021,25659,26807,25372,26003,,,4217600
15/06/2021,25687,25917,25257,25773,,,3257000
14/06/2021,26118,26175,25630,25773,,,3394300
11/06/2021,25257,25974,24970,25946,,,6390300
10/06/2021,26089,26175,25199,25199,,,4483400
09/06/2021,25831,26233,25257,26089,,,4454300
08/06/2021,26921,27094,25659,25716,,,5685400
07/06/2021,27840,27897,26175,26864,,,5295100
04/06/2021,27955,28414,27553,28127,,,5939600
03/06/2021,27438,28414,27208,28012,,,6715400
02/06/2021,27151,27524,27094,27208,,,6063600
01/06/2021,28041,28127,27553,27553,,,4096100
31/05/2021,27438,28012,27266,27955,,,5647900
28/05/2021,26175,27381,25773,27065,,,7857000
27/05/2021,26864,26864,25859,26060,,,5882300
26/05/2021,26807,27036,26520,26778,,,7369800
25/05/2021,26405,26893,26089,26807,,,6329600
24/05/2021,26118,26634,26118,26405,,,6994100
21/05/2021,24109,25687,24023,25687,,,13027500
20/05/2021,23477,24051,22961,24023,,,3495000
19/05/2021,23535,23764,23305,23477,,,2872100
18/05/2021,23936,23936,23420,23477,,,3903100
17/05/2021,24396,24683,23936,23994,,,2992400
14/05/2021,24568,24683,24281,24310,,,2724600
13/05/2021,24396,24912,24109,24453,,,3483900
12/05/2021,24109,24510,23994,24482,,,3331500
11/05/2021,24109,24970,23994,24166,,,5349300
10/05/2021,23248,23822,23162,23764,,,3027800
07/05/2021,23305,23649,23248,23334,,,3706600
06/05/2021,24051,24051,23649,23678,,,2246100
05/05/2021,23936,24310,23822,24051,,,2692200
04/05/2021,22961,23994,22961,23707,,,2171900
29/04/2021,23305,24051,23305,23535,,,1949100
28/04/2021,23162,23477,23162,23305,,,1379200
27/04/2021,23248,23420,23075,23162,,,1978500
26/04/2021,23965,24109,23248,23248,,,3328300
23/04/2021,23535,24195,23449,24109,,,3078200
22/04/2021,24797,24797,23535,23535,,,2929700
20/04/2021,24740,25257,24654,24797,,,2676100
19/04/2021,24109,24740,23994,24683,,,3194000
16/04/2021,24597,24970,24023,24109,,,4667300
15/04/2021,25314,25372,24683,24711,,,3705100
14/04/2021,24970,25429,24683,25257,,,2839300
13/04/2021,25831,25888,24970,25056,,,3952000
12/04/2021,25544,26003,25314,25687,,,5149300
09/04/2021,25659,25716,25285,25429,,,4489700
08/04/2021,26233,26290,25659,25716,,,4412400
07/04/2021,26233,26261,26032,26146,,,2609000
06/04/2021,26060,26548,25859,26261,,,4113800
05/04/2021,26233,26347,25888,26146,,,5969400
02/04/2021,25486,26118,25285,25831,,,5794100
01/04/2021,24683,25257,24683,25228,,,3706500
31/03/2021,24654,24941,24568,24654,,,2170100
30/03/2021,24683,24711,24281,24597,,,2304200
29/03/2021,24396,24482,24195,24424,,,1347900
26/03/2021,24080,24338,23248,24166,,,2445100
25/03/2021,24396,24654,24080,24252,,,2369000
24/03/2021,24683,24855,24051,24195,,,3521900
23/03/2021,25544,25572,24740,25084,,,4549300
22/03/2021,25831,25831,25544,25630,,,2562800
19/03/2021,25831,26060,25659,25831,,,2885400
18/03/2021,25257,26003,24998,25831,,,5666500
17/03/2021,24396,24912,24080,24855,,,4346500
16/03/2021,24683,24797,24281,24338,,,2223700
15/03/2021,24970,25027,24568,24683,,,2779700
12/03/2021,24970,25084,24740,24884,,,2536400
11/03/2021,24510,25027,24424,24855,,,1672400
10/03/2021,24109,24223,23764,24109,,,2085000
09/03/2021,24338,24338,23822,24023,,,2430700
08/03/2021,24912,24912,24281,24367,,,1595300
05/03/2021,24539,24855,24109,24338,,,1857200
04/03/2021,25257,25400,24281,24539,,,2089500
03/03/2021,25285,25372,25084,25142,,,1583800
02/03/2021,25544,25601,25171,25285,,,2124000
01/03/2021,25027,25486,25027,25314,,,2251400
26/02/2021,24568,25084,24281,25027,,,1404500
25/02/2021,24769,25142,24223,24654,,,1733200
24/02/2021,25199,25372,24453,24711,,,1640000
23/02/2021,25113,25314,24797,25257,,,1558100
22/02/2021,25314,25544,25084,25113,,,1573800
19/02/2021,24683,25544,24597,25314,,,2027200
18/02/2021,24223,24970,23936,24912,,,2339700
17/02/2021,23449,24166,23449,24166,,,1439000
09/02/2021,23248,23649,22788,23420,,,1448500
08/02/2021,23994,24109,22415,23018,,,1914900
05/02/2021,23822,24166,23707,23994,,,1313300
04/02/2021,23764,23879,23477,23822,,,1468500
03/02/2021,23018,23822,22788,23736,,,1851900
02/02/2021,22329,22932,22128,22587,,,2531000
01/02/2021,22903,23535,22186,22444,,,1545000
29/01/2021,20952,23449,20952,22903,,,2008200
28/01/2021,22387,22961,22071,22071,,,2692000
27/01/2021,24424,24912,23305,23707,,,2102100
26/01/2021,25458,25458,23994,24424,,,1836800
25/01/2021,25831,25946,25486,25601,,,1371900
22/01/2021,26692,26720,25888,25974,,,2211800
21/01/2021,26175,26692,25946,26692,,,1390700
20/01/2021,25974,26692,24396,26118,,,2306500
19/01/2021,27897,27897,25974,25974,,,3808900
18/01/2021,28069,28127,27897,27926,,,1685100
15/01/2021,28299,28414,28041,28041,,,2404700
14/01/2021,27840,28127,27553,28041,,,1904800
13/01/2021,28012,28242,27782,27811,,,1650200
12/01/2021,27696,28127,27495,27983,,,2189300
11/01/2021,27840,27897,27495,27696,,,2758800
08/01/2021,28299,28299,27668,27840,,,2034900
07/01/2021,28012,28643,27840,28069,,,1781500
06/01/2021,27725,29045,27295,28012,,,3674500
05/01/2021,27495,27610,27352,27495,,,2155700
04/01/2021,27409,27811,27409,27696,,,1993800
31/12/2020,27122,27495,26979,27495,,,1342380
30/12/2020,27320,27546,27094,27122,,,1442160
29/12/2020,26699,27461,26699,27292,,,3031270
28/12/2020,26501,27094,26417,26784,,,3156280
25/12/2020,25683,26360,25401,26304,,,1562900
24/12/2020,26304,26417,24780,25683,,,3135180
23/12/2020,26530,26812,26191,26304,,,2105620
22/12/2020,26784,26784,26304,26445,,,2735230
21/12/2020,27094,27094,26247,26784,,,2476240
18/12/2020,26360,26812,26191,26530,,,2432540
17/12/2020,26417,26868,26191,26191,,,3894580
16/12/2020,26022,26784,26022,26755,,,3093050
15/12/2020,26050,26530,25880,26022,,,3422380
14/12/2020,26050,26276,25880,26247,,,2935490
11/12/2020,24780,25852,24610,25852,,,4566950
10/12/2020,24723,25288,24667,24808,,,3830860
09/12/2020,24215,24836,24131,24723,,,3679830
08/12/2020,24441,24441,23961,24102,,,2151740
07/12/2020,23707,24385,23623,24272,,,4120830
04/12/2020,23481,23877,23425,23510,,,2563040
03/12/2020,23453,23651,23369,23481,,,1936790
02/12/2020,23566,23707,23369,23425,,,1833120
01/12/2020,23143,23594,23030,23538,,,2913470
30/11/2020,23961,23989,23538,23538,,,1808190
27/11/2020,24159,24187,23735,23961,,,2323620
26/11/2020,23312,24046,23143,24046,,,4356380
25/11/2020,23143,23397,22889,23312,,,2775000
24/11/2020,23171,23199,22804,22973,,,1958510
23/11/2020,23425,23425,22889,23199,,,1315280
20/11/2020,22973,23284,22973,23256,,,2522690
19/11/2020,22635,23030,22635,22804,,,1787480
18/11/2020,22748,22776,22578,22607,,,1572210
17/11/2020,22578,22748,22437,22748,,,1455550
16/11/2020,22776,23030,22522,22522,,,1939610
13/11/2020,22409,22748,22381,22748,,,1833350
12/11/2020,22296,22465,22240,22353,,,1126040
11/11/2020,22240,22381,22099,22240,,,723840
10/11/2020,22494,22578,22240,22240,,,1361190
09/11/2020,22268,22268,22070,22155,,,1187610
06/11/2020,22268,22268,21929,22042,,,646660
05/11/2020,22437,22437,22042,22042,,,1280230
04/11/2020,22240,22635,22211,22437,,,1077740
03/11/2020,22014,22296,22014,22240,,,1035230
02/11/2020,21732,22070,21732,21957,,,1084730
30/10/2020,22014,22127,21534,21732,,,1678270
29/10/2020,21901,22296,21703,21816,,,2823190
28/10/2020,22861,22973,22183,22183,,,2899500
27/10/2020,23143,23425,22973,22973,,,2635960
26/10/2020,23989,24272,23143,23143,,,3379510
23/10/2020,24498,24498,24159,24159,,,1940000
22/10/2020,23877,24243,23651,24243,,,1733020
21/10/2020,23933,24554,23792,23905,,,3019940
20/10/2020,23425,23989,23425,23707,,,1923390
19/10/2020,23961,23961,23538,23651,,,2690250
16/10/2020,23848,24385,23594,23820,,,2411650
15/10/2020,24526,24526,23820,23848,,,2957800
14/10/2020,23594,24243,23425,24215,,,6821050
13/10/2020,23143,23623,22917,23284,,,1980740
12/10/2020,23481,23679,22973,23115,,,3533550
09/10/2020,22748,22861,22635,22776,,,849330
08/10/2020,22917,22945,22465,22804,,,1893390
07/10/2020,22804,23086,22748,22832,,,1177720
06/10/2020,22889,23030,22748,22832,,,1507790
05/10/2020,23143,23143,22691,22804,,,1567920
02/10/2020,23143,23397,21732,22945,,,1758990
01/10/2020,23030,23227,23030,23115,,,1157830
30/09/2020,22973,23086,22861,23030,,,933550
29/09/2020,23425,23679,22917,22945,,,2022020
28/09/2020,23171,23538,23030,23312,,,1952000
25/09/2020,23143,23199,22889,23030,,,1334760
24/09/2020,23256,23453,23030,23086,,,1523780
23/09/2020,23030,23651,23030,23369,,,2105880
22/09/2020,22973,23086,22832,22973,,,1160730
21/09/2020,23256,23425,22973,23030,,,1525850
18/09/2020,22917,23143,22861,23143,,,1751990
17/09/2020,22973,23199,22748,22861,,,2048560
16/09/2020,23086,23086,22832,22889,,,546300
15/09/2020,22973,23256,22804,23002,,,1109810
14/09/2020,22889,23030,22832,22861,,,931340
11/09/2020,22861,22945,22719,22832,,,773230
10/09/2020,23199,23227,22861,22861,,,846810
09/09/2020,22691,23115,22635,23030,,,804160
08/09/2020,23030,23143,22607,23058,,,1261510
07/09/2020,23820,23820,22917,22917,,,2246440
04/09/2020,23312,23877,23284,23764,,,2501840
03/09/2020,23425,23820,23256,23820,,,3266170
01/09/2020,22861,23369,22804,23369,,,2124220
31/08/2020,22917,23312,22889,23115,,,2006450
28/08/2020,22296,23143,22183,22889,,,3032570
27/08/2020,22183,22240,22014,22070,,,1095260
26/08/2020,22296,22296,22183,22211,,,831700
25/08/2020,22522,22578,22240,22296,,,886570
24/08/2020,22296,22522,22127,22381,,,940780
21/08/2020,21675,22155,21675,21986,,,1098410
20/08/2020,21788,21929,21590,21590,,,859310
19/08/2020,21675,21929,21675,21788,,,346360
18/08/2020,22014,22014,21675,21675,,,663290
17/08/2020,21957,22014,21703,21844,,,631010
14/08/2020,22211,22353,21901,22014,,,985710
13/08/2020,22296,22409,22183,22381,,,673490
12/08/2020,21788,22211,21788,22127,,,963310
11/08/2020,21647,21788,21506,21732,,,780760
10/08/2020,21703,21844,21506,21506,,,534820
07/08/2020,21590,21788,21421,21506,,,532060
06/08/2020,21816,21957,21562,21590,,,597260
05/08/2020,21336,22014,21224,21873,,,911970
04/08/2020,21449,21449,21167,21393,,,494030
03/08/2020,20490,21082,20490,20998,,,646640
31/07/2020,20320,21026,20320,20687,,,479890
30/07/2020,21167,21167,20320,20998,,,419920
29/07/2020,20772,20998,20208,20857,,,725660
28/07/2020,20320,21365,20320,21365,,,1193550
27/07/2020,20320,21336,20066,20066,,,1545430
24/07/2020,22494,22494,21308,21562,,,1807770
23/07/2020,22578,22832,22381,22494,,,764300
22/07/2020,23143,23143,22296,22578,,,750600
21/07/2020,23143,23143,22776,23030,,,374580
20/07/2020,23538,23566,23030,23030,,,832370
17/07/2020,23369,23623,23369,23481,,,1343600
16/07/2020,23340,23369,23143,23340,,,473290
15/07/2020,23538,23538,23312,23340,,,690440
14/07/2020,23058,23312,22973,23284,,,990800
13/07/2020,23510,23623,23143,23312,,,1039520
10/07/2020,23256,23510,23002,23425,,,1030790
09/07/2020,22889,23651,22889,23481,,,1531780
08/07/2020,22861,22973,22578,22889,,,768660
07/07/2020,22804,23058,22719,22917,,,1097570
06/07/2020,22240,22691,22070,22635,,,757690
03/07/2020,22155,22183,21901,22070,,,547350
02/07/2020,22268,22268,21844,22014,,,501500
01/07/2020,21393,22240,21393,22127,,,989310
30/06/2020,22014,22042,21336,21393,,,862060
29/06/2020,22183,22296,21675,21732,,,1454210
26/06/2020,23086,23086,22409,22522,,,917380
25/06/2020,22578,22719,22465,22578,,,791820
24/06/2020,22973,23256,22691,22748,,,692090
23/06/2020,23171,23340,22861,22973,,,1110100
22/06/2020,23425,23623,23030,23312,,,622920
19/06/2020,23256,23397,22973,23397,,,720420
18/06/2020,22748,22917,22578,22861,,,629450
17/06/2020,22973,23199,22494,22748,,,817560
16/06/2020,23425,23481,22861,22973,,,958780
15/06/2020,23877,23877,22522,22522,,,1503480
12/06/2020,22296,23989,22296,23989,,,1913590
11/06/2020,24554,24667,22861,22861,,,2386670
10/06/2020,24328,24893,23989,24554,,,1297400
09/06/2020,24893,24893,24441,24469,,,1119590
08/06/2020,24102,24836,23989,24836,,,2487930
05/06/2020,23594,23820,23284,23764,,,1216160
04/06/2020,23256,23877,23199,23594,,,2013380
03/06/2020,23086,23256,22861,23143,,,896130
02/06/2020,23425,23651,22861,22889,,,1496600
01/06/2020,22748,23453,22719,23397,,,1104330
29/05/2020,22804,22861,22465,22635,,,1669730
28/05/2020,22578,23115,22465,22973,,,1913890
27/05/2020,24131,24131,22465,22465,,,2293240
26/05/2020,22437,23707,22437,23707,,,2954120
25/05/2020,22183,22465,22014,22381,,,888300
22/05/2020,22409,22578,22183,22183,,,1140830
21/05/2020,22296,22663,22268,22409,,,2474770
20/05/2020,22014,22183,21732,22099,,,900670
19/05/2020,22522,22522,21957,22070,,,1686240
18/05/2020,21703,21957,21449,21957,,,1864370
15/05/2020,22465,22635,21675,21788,,,1909780
14/05/2020,22014,22861,22014,22409,,,1994890
13/05/2020,21619,22465,21336,22353,,,2725900
12/05/2020,21619,21816,21421,21760,,,1645960
11/05/2020,21732,22014,21421,21732,,,1209730
08/05/2020,21421,22183,21195,21449,,,2563570
07/05/2020,20490,21224,20490,21195,,,2524450
06/05/2020,20010,20320,19925,20320,,,739320
05/05/2020,19925,20208,19869,19925,,,427650
04/05/2020,20095,20546,19812,19925,,,655630
29/04/2020,19756,20264,19756,20095,,,595490
28/04/2020,19812,20208,19474,19841,,,589490
27/04/2020,20433,20546,19812,19812,,,1205680
24/04/2020,20574,20574,19925,20320,,,592910
23/04/2020,20885,20998,20377,20433,,,789930
22/04/2020,18683,20913,18683,20433,,,1413800
21/04/2020,20320,20772,19587,19587,,,2238980
20/04/2020,21393,21449,20857,20941,,,1371830
17/04/2020,21365,21562,20998,21111,,,1151710
16/04/2020,20998,21054,20744,21054,,,1210270
15/04/2020,20716,21280,20716,21054,,,1107070
14/04/2020,20913,21195,20208,20603,,,1220360
13/04/2020,20716,21280,20659,20970,,,2585710
10/04/2020,21054,21336,20716,20828,,,1268580
09/04/2020,21421,21788,21252,21280,,,1349000
08/04/2020,20208,21449,19812,21421,,,1456160
07/04/2020,21167,21280,20320,20885,,,1793050
06/04/2020,20151,20716,19812,20716,,,1881640
03/04/2020,18401,19361,18401,19361,,,1969020
01/04/2020,17442,18627,17385,18119,,,1190960
31/03/2020,18063,18147,16651,17413,,,1018770
30/03/2020,17498,18006,17329,17442,,,1369430
27/03/2020,18683,19050,18288,18627,,,1128210
26/03/2020,18627,19304,18147,18796,,,1148580
25/03/2020,18853,18881,18514,18740,,,1611980
24/03/2020,17498,18034,17329,17837,,,1227020
23/03/2020,17498,18006,17385,17385,,,2728710
20/03/2020,18966,19220,18571,18683,,,771320
19/03/2020,19163,19304,18486,18853,,,906470
18/03/2020,19191,20038,19163,19502,,,1743970
17/03/2020,17272,19135,17272,19079,,,1774340
16/03/2020,19756,20292,18373,18514,,,2191590
13/03/2020,19276,20716,19276,19756,,,2330290
12/03/2020,20744,21280,20716,20716,,,1531140
11/03/2020,24554,24554,22268,22268,,,1522030
10/03/2020,23989,24836,23312,23933,,,1366220
09/03/2020,24667,25231,24610,24610,,,944020
06/03/2020,25683,26614,25683,26445,,,555990
05/03/2020,26276,26671,26247,26332,,,872610
04/03/2020,26530,26530,25909,26050,,,681350
03/03/2020,26417,26953,25796,26473,,,1016900
02/03/2020,25909,25909,25401,25485,,,568290
28/02/2020,25965,26191,25429,25683,,,972320
27/02/2020,26530,26925,26219,26586,,,722680
26/02/2020,26868,27263,26445,26530,,,626350
25/02/2020,25401,27546,25401,27546,,,878610
24/02/2020,27207,27546,26134,26134,,,1081210
21/02/2020,28957,28957,27517,27941,,,2619020
20/02/2020,29296,29352,28900,28957,,,552810
19/02/2020,29352,29408,28900,28957,,,372250
18/02/2020,29296,29691,29070,29352,,,879430
17/02/2020,28336,29070,28279,29070,,,863730
14/02/2020,28279,28562,28223,28223,,,627040
13/02/2020,28618,28787,28167,28449,,,578820
12/02/2020,29070,29239,28618,28675,,,704550
11/02/2020,27715,29013,27715,28675,,,917080
10/02/2020,28731,28900,27715,27715,,,1111680
07/02/2020,29747,30086,29126,29183,,,1501140
06/02/2020,30142,30537,29916,30029,,,1469930
05/02/2020,30989,31158,30199,30199,,,718710
04/02/2020,30707,30876,30255,30707,,,1806490
03/02/2020,28110,31045,27038,30199,,,1562560
31/01/2020,29521,30255,29070,29070,,,1154570
30/01/2020,30763,30989,29352,29747,,,1388710
22/01/2020,30481,31497,30368,31328,,,811390
21/01/2020,30086,30763,30086,30481,,,669600
20/01/2020,30199,30594,30029,30086,,,761650
17/01/2020,30537,30820,29973,30199,,,643490
16/01/2020,28787,30537,28787,30481,,,1004080
15/01/2020,28167,28957,28167,28787,,,695290
14/01/2020,28279,29070,28167,28279,,,852200
13/01/2020,28167,29070,27941,28279,,,544740
10/01/2020,28025,29352,27997,28957,,,1506410
09/01/2020,26953,28167,26868,28025,,,1573190
08/01/2020,25965,27038,25852,26586,,,1230830
07/01/2020,25852,26360,25514,26360,,,526890
06/01/2020,26360,26360,25852,25852,,,794490
03/01/2020,26727,26812,26360,26360,,,603940
02/01/2020,25965,26642,25909,26473,,,872620
31/12/2019,26078,26247,25909,26050,,,630410
30/12/2019,26134,26614,25965,26022,,,959650
27/12/2019,24949,26078,24836,26078,,,1098010
26/12/2019,25429,25598,24949,24949,,,725840
25/12/2019,24893,25542,24893,25514,,,585450
24/12/2019,25147,25485,25006,25344,,,841520
23/12/2019,24131,25372,24131,25260,,,2442660
20/12/2019,23707,24159,23707,24131,,,712940
19/12/2019,23764,23961,23369,23820,,,863880
18/12/2019,23199,24018,23199,23707,,,1629070
17/12/2019,23594,23651,23312,23397,,,736710
16/12/2019,23820,23848,23425,23651,,,958360
13/12/2019,23143,23679,23143,23651,,,1426060
12/12/2019,22917,23143,22691,23143,,,724090
11/12/2019,22522,22635,22465,22635,,,280130
10/12/2019,22578,22776,22437,22522,,,415660
09/12/2019,22578,22578,22381,22578,,,358570
06/12/2019,22409,22691,22324,22381,,,374930
05/12/2019,22889,22917,22381,22578,,,393640
04/12/2019,22409,22889,22353,22776,,,352310
03/12/2019,22240,22607,22014,22409,,,786830
02/12/2019,22748,22748,22240,22240,,,702050
29/11/2019,22861,23086,22861,22861,,,391620
28/11/2019,23143,23143,22832,22945,,,396280
27/11/2019,22635,23369,22635,23030,,,1060810
26/11/2019,22748,22889,22465,22578,,,406540
25/11/2019,22691,22917,22296,22409,,,822450
22/11/2019,23425,23425,22465,22691,,,1041320
21/11/2019,23425,23538,23227,23256,,,611690
